Designação;COD (NUTS2024);1ºT2025;4ºT 2024;3ºT2024;2ºT2024;1ºT2024;4ºT 2023;3ºT2023;2ºT2023;1ºT2023;4ºT 2022;3ºT 2022;2ºT2022;1ºT 2022;4ºT 2021;3ºT 2021;2ºT 2021;1ºT 2021;4ºT 2020;3ºT 2020;2ºT 2020;1ºT 2020;4ºT 2019
Portugal;PT;1845.0;1777.0;1709.0;1661.0;1633.0;1611.0;1579.0;1541.0;1509.0;1484.0;1446.0;1402.0;1346.0;1297.0;1251.0;1218.0;1197.0;1190.0;1167.0;1146.0;1127.0;1094.0
Continente;1;1846.0;1778.0;1714.0;1667.0;1638.0;1618.0;1587.0;1550.0;1519.0;1492.0;1453.0;1408.0;1351.0;1301.0;1257.0;1222.0;1200.0;1195.0;1169.0;1150.0;1131.0;1096.0
Norte;11;1621.0;1558.0;1492.0;1449.0;1417.0;1394.0;1367.0;1331.0;1304.0;1282.0;1250.0;1208.0;1169.0;1133.0;1108.0;1079.0;1065.0;1047.0;1019.0;1000.0;977.0;948.0
Alto Minho;111;1313.0;1248.0;1193.0;1158.0;1124.0;1108.0;1091.0;1077.0;1073.0;1064.0;1035.0;1012.0;972.0;945.0;925.0;895.0;893.0;891.0;870.0;865.0;853.0;846.0
Arcos de Valdevez;1111601;960.0;958.0;1000.0;998.0;828.0;813.0;766.0;754.0;760.0;778.0;766.0;763.0;690.0;635.0;680.0;705.0;740.0;794.0;711.0;726.0;693.0;672.0
Caminha;1111602;1461.0;1425.0;1415.0;1334.0;1364.0;1318.0;1298.0;1280.0;1201.0;1201.0;1182.0;1174.0;1158.0;1111.0;1071.0;1000.0;1000.0;978.0;964.0;938.0;946.0;967.0
Melgaï¿½o;1111603;475.0;400.0;422.0;422.0;388.0;404.0;420.0;400.0;428.0;359.0;352.0;394.0;400.0;362.0;381.0;332.0;337.0;426.0;399.0;515.0;554.0;545.0
Monï¿½ï¿½o;1111604;1244.0;1205.0;1244.0;1081.0;918.0;910.0;843.0;895.0;936.0;967.0;957.0;812.0;794.0;755.0;773.0;779.0;810.0;794.0;672.0;655.0;606.0;658.0
Paredes de Coura;1111605;770.0;708.0;743.0;722.0;753.0;723.0;600.0;645.0;565.0;587.0;663.0;646.0;654.0;652.0;594.0;531.0;511.0;509.0;479.0;479.0;500.0;513.0
Ponte da Barca;1111606;980.0;952.0;917.0;865.0;796.0;759.0;792.0;868.0;896.0;915.0;833.0;772.0;714.0;623.0;625.0;619.0;654.0;674.0;642.0;613.0;563.0;565.0
Ponte de Lima;1111607;1366.0;1246.0;1123.0;1106.0;1080.0;1128.0;1191.0;1138.0;1141.0;1142.0;1099.0;1151.0;1099.0;1041.0;999.0;976.0;984.0;994.0;954.0;915.0;908.0;902.0
Valenï¿½a;1111608;917.0;893.0;868.0;915.0;943.0;945.0;1036.0;942.0;880.0;841.0;758.0;733.0;733.0;703.0;692.0;696.0;679.0;682.0;680.0;659.0;657.0;627.0
Viana do Castelo;1111609;1627.0;1591.0;1460.0;1406.0;1342.0;1289.0;1319.0;1325.0;1319.0;1297.0;1263.0;1202.0;1129.0;1128.0;1077.0;1044.0;1044.0;1001.0;990.0;987.0;952.0;940.0
Vila Nova de Cerveira;1111610;938.0;883.0;857.0;858.0;904.0;951.0;959.0;951.0;882.0;889.0;871.0;825.0;745.0;707.0;704.0;633.0;648.0;658.0;717.0;740.0;799.0;738.0
Cï¿½vado;112;1586.0;1527.0;1481.0;1429.0;1395.0;1385.0;1346.0;1296.0;1274.0;1230.0;1193.0;1167.0;1125.0;1091.0;1063.0;1031.0;1019.0;997.0;971.0;960.0;932.0;910.0
Amares;1120301;1132.0;1118.0;1130.0;1168.0;1152.0;1157.0;1050.0;992.0;970.0;967.0;977.0;974.0;988.0;948.0;894.0;801.0;780.0;737.0;728.0;736.0;724.0;710.0
Barcelos;1120302;1399.0;1347.0;1301.0;1246.0;1169.0;1152.0;1141.0;1127.0;1151.0;1126.0;1103.0;1027.0;962.0;948.0;928.0;916.0;913.0;901.0;893.0;890.0;854.0;835.0
Braga;1120303;1720.0;1671.0;1627.0;1590.0;1552.0;1524.0;1480.0;1427.0;1385.0;1330.0;1292.0;1250.0;1200.0;1164.0;1138.0;1091.0;1079.0;1053.0;1025.0;1006.0;978.0;949.0
Esposende;1120306;2100.0;1986.0;1789.0;1611.0;1491.0;1518.0;1500.0;1508.0;1445.0;1359.0;1320.0;1290.0;1251.0;1237.0;1216.0;1211.0;1201.0;1200.0;1141.0;1112.0;1091.0;1086.0
Terras de Bouro;1120310;864.0;763.0;700.0;730.0;749.0;823.0;884.0;956.0;921.0;845.0;853.0;829.0;763.0;769.0;751.0;640.0;690.0;602.0;611.0;611.0;611.0;545.0
Vila Verde;1120313;1259.0;1219.0;1175.0;1142.0;1094.0;1083.0;1079.0;1066.0;1066.0;1013.0;946.0;930.0;881.0;870.0;854.0;833.0;833.0;816.0;790.0;771.0;764.0;750.0
Ave;119;1322.0;1256.0;1209.0;1182.0;1164.0;1150.0;1121.0;1097.0;1066.0;1050.0;1030.0;1014.0;1000.0;976.0;962.0;938.0;921.0;899.0;870.0;848.0;833.0;821.0
Cabeceiras de Basto;1190304;750.0;750.0;727.0;699.0;715.0;631.0;653.0;775.0;755.0;801.0;723.0;633.0;629.0;591.0;575.0;578.0;610.0;699.0;789.0;761.0;759.0;666.0
Fafe;1190307;1111.0;1078.0;1072.0;1039.0;992.0;969.0;913.0;875.0;877.0;875.0;872.0;863.0;857.0;837.0;829.0;791.0;766.0;753.0;722.0;733.0;726.0;692.0
Guimarï¿½es;1190308;1414.0;1358.0;1284.0;1250.0;1233.0;1219.0;1200.0;1159.0;1141.0;1115.0;1068.0;1067.0;1050.0;1029.0;1020.0;993.0;981.0;958.0;927.0;894.0;875.0;857.0
Mondim de Basto;1191705;741.0;662.0;634.0;549.0;492.0;536.0;533.0;550.0;617.0;593.0;573.0;470.0;464.0;476.0;514.0;545.0;483.0;437.0;469.0;458.0;440.0;455.0
Pï¿½voa de Lanhoso;1190309;1091.0;997.0;955.0;862.0;908.0;922.0;923.0;961.0;953.0;918.0;873.0;849.0;836.0;828.0;805.0;790.0;811.0;783.0;756.0;728.0;710.0;673.0
Vieira do Minho;1190311;706.0;669.0;639.0;670.0;568.0;564.0;560.0;650.0;625.0;608.0;625.0;587.0;597.0;654.0;525.0;523.0;582.0;574.0;612.0;617.0;622.0;625.0
Vila Nova de Famalicï¿½o;1190312;1481.0;1402.0;1353.0;1321.0;1293.0;1264.0;1221.0;1198.0;1169.0;1136.0;1119.0;1086.0;1062.0;1043.0;1014.0;987.0;966.0;950.0;940.0;907.0;890.0;867.0
Vizela;1190314;1080.0;1089.0;1067.0;1104.0;1111.0;1073.0;1044.0;990.0;968.0;969.0;957.0;958.0;994.0;1003.0;1007.0;980.0;942.0;905.0;861.0;825.0;764.0;763.0
ï¿½rea Metropolitana do Porto;11A;2047.0;1986.0;1922.0;1875.0;1833.0;1800.0;1766.0;1706.0;1646.0;1607.0;1557.0;1484.0;1429.0;1370.0;1331.0;1303.0;1274.0;1243.0;1201.0;1164.0;1147.0;1108.0
Arouca;11A0104;1055.0;1017.0;1070.0;933.0;933.0;924.0;908.0;865.0;804.0;816.0;787.0;873.0;870.0;849.0;826.0;678.0;678.0;668.0;667.0;749.0;667.0;667.0
Espinho;11A0107;2460.0;2382.0;2252.0;2111.0;1830.0;1830.0;1924.0;1864.0;1705.0;1645.0;1592.0;1503.0;1493.0;1429.0;1432.0;1459.0;1429.0;1429.0;1293.0;1194.0;1190.0;1190.0
Gondomar;11A1304;1821.0;1746.0;1676.0;1621.0;1603.0;1570.0;1563.0;1551.0;1509.0;1479.0;1430.0;1385.0;1324.0;1274.0;1224.0;1184.0;1151.0;1136.0;1102.0;1062.0;1038.0;975.0
Maia;11A1306;2125.0;2046.0;1973.0;1849.0;1806.0;1806.0;1754.0;1722.0;1679.0;1613.0;1582.0;1499.0;1447.0;1413.0;1368.0;1366.0;1322.0;1283.0;1251.0;1221.0;1199.0;1163.0
Matosinhos;11A1308;2663.0;2583.0;2513.0;2619.0;2589.0;2491.0;2406.0;2228.0;2143.0;2089.0;2045.0;1928.0;1893.0;1870.0;1815.0;1748.0;1683.0;1637.0;1600.0;1566.0;1527.0;1480.0
Oliveira de Azemï¿½is;11A0113;1169.0;1111.0;1074.0;1042.0;989.0;1000.0;987.0;945.0;924.0;921.0;888.0;845.0;801.0;768.0;783.0;800.0;828.0;795.0;774.0;744.0;738.0;732.0
Paredes;11A1310;1347.0;1311.0;1279.0;1240.0;1136.0;1081.0;1023.0;1000.0;1000.0;1005.0;978.0;964.0;931.0;910.0;883.0;863.0;851.0;844.0;823.0;791.0;767.0;739.0
Porto;11A1312;3007.0;2984.0;2940.0;2992.0;2941.0;2866.0;2798.0;2684.0;2609.0;2568.0;2467.0;2412.0;2332.0;2278.0;2246.0;2208.0;2200.0;2112.0;2009.0;1911.0;1880.0;1856.0
Pï¿½voa de Varzim;11A1313;2000.0;1921.0;1836.0;1817.0;1780.0;1737.0;1729.0;1732.0;1670.0;1641.0;1602.0;1528.0;1479.0;1447.0;1418.0;1384.0;1349.0;1300.0;1273.0;1269.0;1230.0;1179.0
Santa Maria da Feira;11A0109;1403.0;1327.0;1292.0;1252.0;1218.0;1214.0;1211.0;1179.0;1157.0;1125.0;1056.0;1021.0;974.0;944.0;936.0;920.0;910.0;904.0;884.0;860.0;829.0;814.0
Santo Tirso;11A1314;1291.0;1197.0;1194.0;1204.0;1178.0;1178.0;1119.0;1055.0;994.0;986.0;1009.0;1000.0;1000.0;951.0;895.0;870.0;856.0;857.0;867.0;846.0;838.0;833.0
Sï¿½o Joï¿½o da Madeira;11A0116;1400.0;1288.0;1269.0;1167.0;1110.0;1084.0;1057.0;1049.0;1118.0;1054.0;959.0;899.0;851.0;830.0;882.0;931.0;897.0;862.0;839.0;811.0;795.0;803.0
Trofa;11A1318;1564.0;1479.0;1386.0;1334.0;1290.0;1279.0;1308.0;1290.0;1248.0;1221.0;1167.0;1148.0;1084.0;1033.0;1010.0;945.0;928.0;917.0;884.0;835.0;828.0;815.0
Vale de Cambra;11A0119;1110.0;1101.0;1019.0;1021.0;1119.0;1172.0;1177.0;1145.0;1100.0;1030.0;976.0;954.0;900.0;851.0;828.0;827.0;793.0;725.0;778.0;756.0;699.0;733.0
Valongo;11A1315;1803.0;1742.0;1668.0;1613.0;1568.0;1528.0;1507.0;1448.0;1421.0;1391.0;1361.0;1320.0;1277.0;1227.0;1206.0;1185.0;1159.0;1142.0;1079.0;1027.0;995.0;951.0
Vila do Conde;11A1316;1975.0;1911.0;1874.0;1846.0;1797.0;1736.0;1711.0;1688.0;1630.0;1586.0;1512.0;1458.0;1438.0;1406.0;1382.0;1316.0;1273.0;1233.0;1183.0;1138.0;1136.0;1124.0
Vila Nova de Gaia;11A1317;2179.0;2128.0;2089.0;2013.0;1940.0;1873.0;1809.0;1739.0;1699.0;1648.0;1588.0;1508.0;1429.0;1369.0;1324.0;1304.0;1279.0;1238.0;1197.0;1156.0;1135.0;1096.0
Alto Tï¿½mega e Barroso;11B;833.0;817.0;759.0;766.0;752.0;735.0;744.0;722.0;735.0;738.0;715.0;682.0;660.0;641.0;617.0;624.0;625.0;641.0;651.0;633.0;619.0;600.0
Boticas;11B1702;568.0;542.0;512.0;446.0;414.0;471.0;391.0;415.0;495.0;490.0;518.0;552.0;519.5555555555555;487.1111111111111;454.6666666666667;422.22222222222223;389.77777777777777;357.33333333333337;324.8888888888889;292.44444444444446;260.0;260.0
Chaves;11B1703;1014.0;1000.0;973.0;938.0;903.0;887.0;886.0;896.0;911.0;916.0;919.0;879.0;829.0;796.0;763.0;785.0;803.0;797.0;791.0;727.0;706.0;679.0
Montalegre;11B1706;487.0;487.0;583.0;712.0;659.0;687.0;659.0;580.0;478.0;581.0;561.0;492.0;514.0;431.0;476.0;584.0;591.0;601.0;635.0;615.0;571.0;499.0
Ribeira de Pena;11B1709;789.0;758.0;517.0;528.0;467.0;435.0;435.0;326.0;403.0;403.0;426.0;426.0;450.0;462.0;442.0;491.0;499.6666666666667;508.3333333333333;517.0;467.0;433.0;332.0
Valpaï¿½os;11B1712;616.0;564.0;517.0;551.0;589.0;570.0;527.0;483.0;500.0;469.0;500.0;518.0;481.0;450.0;425.0;440.0;440.0;471.0;479.0;504.0;536.0;497.0
Vila Pouca de Aguiar;11B1713;709.0;767.0;573.0;518.0;565.0;569.0;714.0;628.0;625.0;625.0;595.0;655.0;595.0;595.0;556.0;525.0;528.0;521.0;542.0;601.0;604.0;626.0
Tï¿½mega e Sousa;11C;1010.0;983.0;952.0;933.0;939.0;913.0;902.0;887.0;863.0;859.0;852.0;825.0;795.0;780.0;754.0;750.0;753.0;749.0;724.0;705.0;692.0;675.0
Amarante;11C1301;963.0;962.0;901.0;857.0;906.0;861.0;882.0;888.0;900.0;928.0;893.0;848.0;814.0;767.0;763.0;763.0;763.0;750.0;758.0;742.0;727.0;722.0
Baiï¿½o;11C1302;603.0;599.0;619.0;608.0;625.0;568.0;541.0;559.0;652.0;700.0;677.0;651.0;618.0;588.0;613.0;673.0;619.0;678.0;610.0;601.0;625.0;586.0
Castelo de Paiva;11C0106;987.0;886.0;837.0;808.0;892.0;916.0;903.0;943.0;943.0;917.0;960.0;857.0;804.0;802.0;754.0;667.0;687.0;654.0;632.0;623.0;645.0;623.0
Celorico de Basto;11C0305;731.0;669.0;641.0;619.0;617.0;686.0;677.0;679.0;671.0;632.0;657.0;628.0;622.0;615.0;469.0;518.0;580.0;596.0;679.0;594.0;489.0;473.0
Cinfï¿½es;11C1804;375.0;336.0;355.0;382.0;463.0;593.0;592.0;535.0;549.0;466.0;483.0;540.0;483.0;465.0;478.0;473.0;517.0;447.0;387.0;387.0;305.0;342.0
Felgueiras;11C1303;933.0;970.0;928.0;929.0;972.0;931.0;936.0;910.0;844.0;848.0;865.0;872.0;853.0;833.0;778.0;749.0;769.0;755.0;761.0;757.0;737.0;705.0
Lousada;11C1305;1143.0;1117.0;1093.0;1064.0;1009.0;1000.0;939.0;956.0;927.0;897.0;880.0;831.0;835.0;806.0;777.0;775.0;736.0;751.0;775.0;746.0;727.0;691.0
Marco de Canaveses;11C1307;1018.0;991.0;936.0;940.0;960.0;918.0;913.0;874.0;863.0;860.0;829.0;820.0;792.0;778.0;758.0;750.0;750.0;739.0;705.0;705.0;686.0;691.0
Paï¿½os de Ferreira;11C1309;1256.0;1167.0;1072.0;1029.0;1027.0;1010.0;992.0;974.0;958.0;965.0;929.0;893.0;843.0;789.0;782.0;782.0;783.0;798.0;765.0;737.0;699.0;681.0
Penafiel;11C1311;1132.0;1124.0;1117.0;1085.0;1071.0;1070.0;1026.0;1000.0;939.0;915.0;931.0;905.0;895.0;889.0;841.0;846.0;849.0;813.0;782.0;757.0;756.0;749.0
Resende;11C1813;571.0;550.0;383.0;374.0;377.0;438.0;515.0;488.0;476.0;408.0;423.0;417.0;408.0;505.0;505.0;467.0;478.0;468.0;479.0;456.0;437.0;429.0
Douro;11D;640.0;622.0;617.0;627.0;641.0;654.0;676.0;675.0;653.0;653.0;655.0;650.0;644.0;636.0;591.0;581.0;588.0;586.0;597.0;589.0;586.0;571.0
Alijï¿½;11D1701;466.0;460.0;464.0;499.0;495.0;482.0;439.0;600.0;537.0;600.0;597.0;607.0;665.0;615.0;520.0;457.0;452.0;400.0;421.0;370.0;370.0;341.0
Armamar;11D1801;226.0;208.0;263.0;262.0;386.0;400.0;257.0;279.0;233.0;203.0;262.0;242.0;306.0;270.0;306.0;306.0;337.0;358.0;358.0;389.0;352.0;283.0
Carrazeda de Ansiï¿½es;11D0403;625.0;448.0;308.0;254.0;254.0;322.0;350.0;373.0;330.0;361.0;374.0;368.0;400.0;443.0;345.0;357.0;319.0;255.0;216.0;187.0;187.0;187.0
Freixo de Espada ï¿½ Cinta;11D0404;439.0;364.0;357.0;347.0;347.3333333333333;347.6666666666667;348.0;351.4;354.8;358.2;361.6;365.0;424.0;424.0;424.0;424.0;424.0;424.0;424.0;424.0;424.0;424.0
Lamego;11D1805;776.0;730.0;737.0;749.0;738.0;769.0;731.0;736.0;754.0;766.0;778.0;747.0;728.0;670.0;645.0;628.0;628.0;647.0;627.0;635.0;642.0;607.0
Mesï¿½o Frio;11D1704;401.0;500.0;513.0;530.5;548.0;565.5;583.0;489.0;444.0;536.0;466.0;479.5;493.0;437.0;500.0;500.0;500.0;500.0;500.0;500.0;500.0;500.0
Moimenta da Beira;11D1807;485.0;465.0;452.0;464.0;463.0;497.0;354.0;357.0;365.0;368.0;441.0;423.0;544.0;478.0;391.0;390.0;388.0;386.0;412.0;412.0;366.0;377.0
Murï¿½a;11D1707;343.0;324.0;326.0;355.0;384.0;424.0;447.0;447.0;481.0;485.0;464.0;485.0;361.0;419.0;424.0;429.0;434.0;439.0;444.0;449.0;454.0;459.0
Peso da Rï¿½gua;11D1708;791.0;642.0;614.0;711.0;978.0;995.0;978.0;959.0;847.0;838.0;784.0;726.0;741.0;738.0;753.0;748.0;699.0;657.0;736.0;677.0;706.0;686.0
Sabrosa;11D1710;577.0;558.0;609.0;551.0;560.0;427.0;380.0;388.0;350.0;423.0;457.0;512.0;483.0;479.0;341.0;400.0;462.0;450.0;461.0;405.0;361.0;372.0
Santa Marta de Penaguiï¿½o;11D1711;433.0;458.0;400.0;383.0;383.0;450.5;518.0;400.0;407.0;408.0;400.0;408.0;419.0;416.0;441.0;447.0;486.0;458.0;458.0;458.0;458.0;458.0
Sï¿½o Joï¿½o da Pesqueira;11D1815;417.0;420.0;343.0;358.0;300.0;286.0;356.0;363.0;365.0;363.0;411.0;307.0;338.0;321.0;286.0;316.0;311.0;307.0;349.0;349.0;378.0;366.0
Sernancelhe;11D1818;285.0;287.0;269.0;245.0;283.0;229.0;197.0;205.0;201.0;208.0;261.0;241.0;220.0;241.0;288.0;357.0;351.0;357.0;341.0;222.0;350.0;350.0
Tabuaï¿½o;11D1819;347.0;334.0;266.0;263.0;226.0;226.0;284.0;443.0;467.0;443.0;518.0;600.0;462.0;582.0;549.5;517.0;484.5;452.0;419.5;387.0;354.5;322.0
Tarouca;11D1820;723.0;700.0;646.0;666.0;688.0;687.0;688.0;625.0;625.0;626.0;598.0;592.0;578.0;531.0;485.0;425.0;543.0;572.0;572.0;572.0;554.0;357.0
Torre de Moncorvo;11D0409;301.0;313.0;317.0;290.0;306.0;306.0;330.0;345.0;400.0;358.0;346.0;339.0;320.0;321.0;388.0;424.0;420.0;434.0;451.0;373.0;393.0;320.0
Vila Nova de Foz Cï¿½a;11D0914;417.0;414.0;411.0;305.0;300.0;313.0;310.0;372.0;386.0;357.0;347.0;346.0;317.0;329.0;337.0;265.0;218.0;229.0;266.0;317.0;371.0;367.0
Vila Real;11D1714;1310.0;1335.0;1338.0;1305.0;1343.0;1271.0;1310.0;1228.0;1206.0;1198.0;1111.0;1167.0;1094.0;1053.0;1004.0;941.0;952.0;957.0;946.0;935.0;903.0;875.0
Terras de Trï¿½s-os-Montes;11E;750.0;710.0;676.0;688.0;695.0;699.0;697.0;696.0;702.0;705.0;699.0;685.0;659.0;635.0;623.0;616.0;634.0;642.0;639.0;640.0;621.0;604.0
Alfï¿½ndega da Fï¿½;11E0401;408.0;417.0;336.0;329.0;322.0;331.0;403.0;407.0;400.0;407.0;424.0;490.0;496.0;502.0;508.0;500.0;497.0;501.0;285.0;285.0;284.0;314.0
Braganï¿½a;11E0402;986.0;932.0;934.0;928.0;913.0;899.0;850.0;844.0;844.0;850.0;826.0;811.0;772.0;745.0;744.0;718.0;740.0;752.0;724.0;726.0;702.0;682.0
Macedo de Cavaleiros;11E0405;684.0;624.0;533.0;527.0;514.0;540.0;588.0;591.0;606.0;596.0;606.0;596.0;536.0;527.0;518.0;575.0;576.0;578.0;578.0;558.0;526.0;464.0
Miranda do Douro;11E0406;478.0;471.0;332.0;308.0;313.0;299.0;377.0;377.0;363.0;358.0;416.0;438.0;429.0;437.0;429.6;422.2;414.8;407.4;400.0;409.5;419.0;446.0
Mirandela;11E0407;866.0;805.0;725.0;752.0;741.0;750.0;766.0;742.0;777.0;783.0;780.0;780.0;760.0;761.0;752.0;740.0;738.0;705.0;728.0;714.0;701.0;723.0
Mogadouro;11E0408;391.0;391.0;452.0;343.0;414.0;350.0;298.0;356.0;394.0;418.0;444.0;400.0;278.0;263.0;253.0;329.0;359.0;387.0;500.0;387.0;457.0;429.0
Vila Flor;11E0410;441.0;383.0;338.0;246.0;282.0;330.0;334.0;332.0;331.0;347.0;351.0;400.0;409.0;391.0;333.5;276.0;234.0;317.0;400.0;342.0;403.0;342.0
Vimioso;11E0411;266.0;316.0;250.0;250.0;263.0;301.0;333.0;324.2;315.4;306.6;297.8;289.0;289.0;289.0;289.0;289.0;289.0;289.0;289.0;289.0;289.0;289.0
Vinhais;11E0412;323.0;391.0;393.0;424.0;423.0;442.0;499.0;484.0;446.0;427.0;300.0;270.0;250.0;351.0;351.0;356.0;366.0;357.0;421.0;418.0;404.0;391.0
Centro;19;1082.0;1026.0;1000.0;978.0;961.0;961.0;948.0;938.0;932.0;922.0;904.0;887.0;861.0;843.0;826.0;810.0;815.0;812.0;804.0;799.0;784.0;765.0
Regiï¿½o de Aveiro;191;1422.0;1372.0;1348.0;1329.0;1285.0;1283.0;1251.0;1219.0;1189.0;1158.0;1105.0;1069.0;1038.0;1008.0;993.0;977.0;964.0;944.0;917.0;900.0;890.0;875.0
ï¿½gueda;1910101;1003.0;990.0;996.0;1018.0;1032.0;1000.0;892.0;908.0;892.0;876.0;879.0;858.0;806.0;803.0;776.0;757.0;750.0;750.0;745.0;723.0;718.0;709.0
Albergaria-a-Velha;1910102;1194.0;1184.0;1111.0;1078.0;1081.0;1045.0;1081.0;1056.0;1001.0;970.0;896.0;864.0;820.0;801.0;814.0;815.0;806.0;822.0;810.0;810.0;776.0;752.0
Anadia;1910103;790.0;776.0;761.0;682.0;714.0;654.0;661.0;719.0;734.0;761.0;752.0;762.0;707.0;657.0;628.0;612.0;627.0;628.0;619.0;566.0;551.0;542.0
Aveiro;1910105;2222.0;2096.0;1942.0;1984.0;1918.0;1912.0;1977.0;1803.0;1768.0;1613.0;1497.0;1452.0;1417.0;1433.0;1439.0;1378.0;1342.0;1284.0;1243.0;1209.0;1182.0;1205.0
Estarreja;1910108;1148.0;1071.0;1028.0;954.0;940.0;950.0;996.0;964.0;903.0;857.0;786.0;785.0;803.0;780.0;849.0;808.0;816.0;800.0;775.0;711.0;693.0;665.0
ï¿½lhavo;1910110;1798.0;1706.0;1741.0;1712.0;1697.0;1755.0;1607.0;1533.0;1500.0;1450.0;1415.0;1368.0;1311.0;1231.0;1166.0;1135.0;1126.0;1095.0;1083.0;1091.0;1061.0;1047.0
Murtosa;1910112;1143.0;1117.0;988.0;985.0;997.0;1061.0;1060.0;1067.0;1050.0;1045.0;1040.0;1008.0;1008.0;956.0;949.0;945.0;883.0;862.0;875.0;772.0;793.0;769.0
Oliveira do Bairro;1910114;1200.0;1130.0;1105.0;1096.0;1067.0;1056.0;1020.0;1006.0;964.0;922.0;890.0;861.0;839.0;817.0;799.0;782.0;762.0;739.0;718.0;713.0;710.0;703.0
Ovar;1910115;1562.0;1515.0;1436.0;1421.0;1401.0;1340.0;1271.0;1277.0;1241.0;1241.0;1211.0;1153.0;1140.0;1096.0;1071.0;1056.0;1049.0;1025.0;984.0;979.0;966.0;917.0
Sever do Vouga;1910117;740.0;703.0;690.0;695.0;698.0;710.0;576.0;519.0;485.0;487.0;633.0;659.0;644.0;584.0;568.0;543.0;535.0;571.0;500.0;489.0;493.0;481.0
Vagos;1910118;1532.0;1399.0;1404.0;1527.0;1409.0;1389.0;1326.0;1234.0;1182.0;1162.0;1145.0;1137.0;1094.0;1037.0;996.0;925.0;886.0;882.0;878.0;862.0;862.0;854.0
Regiï¿½o de Coimbra;192;1245.0;1188.0;1146.0;1117.0;1102.0;1086.0;1065.0;1061.0;1054.0;1043.0;1027.0;1001.0;966.0;942.0;909.0;892.0;904.0;909.0;900.0;883.0;863.0;846.0
Arganil;1920601;579.0;557.0;545.0;575.0;558.0;577.0;518.0;500.0;500.0;473.0;503.0;500.0;494.0;500.0;474.0;470.0;437.0;467.0;453.0;444.0;466.0;416.0
Cantanhede;1920602;1042.0;1000.0;931.0;872.0;815.0;822.0;797.0;772.0;825.0;803.0;810.0;811.0;777.0;761.0;774.0;764.0;770.0;768.0;714.0;694.0;676.0;680.0
Coimbra;1920603;1813.0;1791.0;1729.0;1748.0;1786.0;1734.0;1733.0;1699.0;1677.0;1664.0;1588.0;1497.0;1435.0;1389.0;1351.0;1354.0;1343.0;1333.0;1343.0;1302.0;1284.0;1254.0
Condeixa-a-Nova;1920604;1404.0;1366.0;1321.0;1320.0;1269.0;1199.0;1157.0;1103.0;1054.0;1054.0;1067.0;1062.0;1009.0;956.0;942.0;940.0;941.0;948.0;892.0;852.0;838.0;835.0
Figueira da Foz;1920605;1585.0;1534.0;1483.0;1470.0;1448.0;1412.0;1349.0;1310.0;1252.0;1208.0;1179.0;1153.0;1117.0;1096.0;1062.0;1048.0;1029.0;1018.0;988.0;955.0;935.0;904.0
Gï¿½is;1920606;478.0;453.0;397.0;446.0;360.0;424.0;499.0;536.0;517.0;538.0;594.0;484.0;454.0;407.0;324.0;341.0;352.0;340.0;289.0;270.0;292.0;259.0
Lousï¿½;1920607;1065.0;1012.0;992.0;864.0;833.0;817.0;833.0;859.0;852.0;855.0;820.0;797.0;753.0;729.0;699.0;707.0;711.0;712.0;685.0;657.0;631.0;625.0
Mealhada;1920111;977.0;984.0;923.0;860.0;760.0;749.0;805.0;855.0;892.0;869.0;865.0;827.0;807.0;791.0;743.0;718.0;702.0;694.0;752.0;757.0;747.0;755.0
Mira;1920608;1434.0;1344.0;1341.0;1347.0;1318.0;1317.0;1256.0;1176.0;1182.0;1182.0;1189.0;1250.0;1250.0;1246.0;1151.0;1040.0;1000.0;918.0;902.0;891.0;852.0;889.0
Miranda do Corvo;1920609;781.0;733.0;682.0;658.0;613.0;611.0;636.0;598.0;643.0;642.0;628.0;619.0;578.0;571.0;544.0;543.0;588.0;563.0;556.0;543.0;481.0;473.0
Montemor-o-Velho;1920610;1030.0;955.0;970.0;921.0;891.0;912.0;865.0;843.0;809.0;760.0;763.0;746.0;778.0;769.0;742.0;745.0;742.0;750.0;750.0;778.0;792.0;791.0
Mortï¿½gua;1921808;675.0;675.0;758.0;557.0;565.0;583.0;565.0;623.0;676.0;637.0;594.0;560.0;545.0;542.0;434.0;516.0;465.0;432.0;444.0;418.0;468.0;478.0
Oliveira do Hospital;1920611;704.0;682.0;644.0;647.0;652.0;652.0;658.0;627.0;609.0;656.0;666.0;667.0;620.0;588.0;528.0;536.0;549.0;593.0;566.0;547.0;537.0;530.0
Pampilhosa da Serra;1920612;251.0;274.0;220.0;224.0;224.0;228.0;298.0;301.0;349.0;333.0;306.0;307.0;258.0;244.0;231.0;207.0;244.0;254.5;265.0;259.0;253.0;253.0
Penacova;1920613;558.0;590.0;580.0;533.0;536.0;524.0;570.0;542.0;608.0;580.0;580.0;545.0;533.0;524.0;516.0;518.0;509.0;503.0;445.0;370.0;438.0;429.0
Penela;1920614;828.0;828.0;800.0;723.0;675.0;520.0;562.0;593.0;632.0;663.0;671.0;680.0;656.0;606.0;589.0;583.0;536.0;590.0;586.0;523.0;521.0;529.0
Soure;1920615;742.0;723.0;673.0;667.0;599.0;594.0;662.0;665.0;672.0;669.0;637.0;600.0;568.0;612.0;563.0;611.0;615.0;570.0;634.0;556.0;600.0;622.0
Tï¿½bua;1920616;669.0;606.0;576.0;581.0;570.0;618.0;600.0;625.0;636.0;604.0;602.0;579.0;565.0;584.0;587.0;565.0;565.0;552.0;519.0;527.0;527.0;506.0
Vila Nova de Poiares;1920617;750.0;714.0;722.0;724.0;730.0;731.0;730.0;718.0;674.0;661.0;626.0;630.0;597.0;538.0;500.0;487.0;560.0;554.0;568.0;570.0;533.0;540.0
Regiï¿½o de Leiria;193;1242.0;1190.0;1171.0;1144.0;1128.0;1138.0;1097.0;1068.0;1038.0;1009.0;974.0;946.0;905.0;893.0;875.0;857.0;864.0;851.0;849.0;841.0;818.0;797.0
Alvaiï¿½zere;1931002;603.0;573.0;606.0;570.0;512.0;515.0;492.0;478.0;423.0;396.0;396.0;392.0;467.0;456.0;434.0;446.0;445.0;419.0;448.0;457.0;386.0;466.0
Ansiï¿½o;1931003;593.0;562.0;497.0;404.0;452.0;481.0;542.0;599.0;620.0;620.0;547.0;504.0;474.0;500.0;472.0;497.0;486.0;486.0;497.0;477.0;482.0;456.0
Batalha;1931004;1143.0;950.0;1051.0;1048.0;959.0;998.0;825.0;789.0;829.0;940.0;927.0;917.0;824.0;824.0;819.0;817.0;814.0;752.0;731.0;756.0;762.0;752.0
Castanheira de Pï¿½ra;1931007;486.0;430.0;440.0;352.0;403.0;446.0;434.0;493.0;460.0;393.0;444.0;405.0;357.0;378.0;388.0;478.0;545.0;592.0;545.0;545.0;545.0;545.0
Figueirï¿½ dos Vinhos;1931008;629.0;595.0;595.0;621.0;606.0;630.0;580.0;551.0;524.0;517.0;528.0;503.0;524.0;544.0;534.0;539.0;547.0;512.0;391.0;322.0;335.0;391.0
Leiria;1931009;1546.0;1486.0;1465.0;1450.0;1438.0;1416.0;1368.0;1331.0;1306.0;1247.0;1222.0;1168.0;1108.0;1097.0;1052.0;1037.0;1036.0;1027.0;1027.0;1000.0;983.0;955.0
Marinha Grande;1931010;1248.0;1186.0;1152.0;1140.0;1127.0;1136.0;1107.0;1042.0;1025.0;977.0;935.0;916.0;864.0;833.0;821.0;791.0;806.0;797.0;780.0;778.0;751.0;741.0
Pedrï¿½gï¿½o Grande;1931013;642.0;582.0;569.0;548.0;514.0;536.0;543.0;570.0;535.0;481.0;430.0;431.0;422.0;470.0;494.0;495.0;475.0;495.0;522.0;425.0;372.0;337.0
Pombal;1931015;1061.0;1031.0;1021.0;977.0;973.0;980.0;941.0;920.0;878.0;868.0;828.0;804.0;834.0;826.0;820.0;815.0;794.0;780.0;779.0;770.0;737.0;709.0
Porto de Mï¿½s;1931016;902.0;833.0;752.0;667.0;670.0;714.0;700.0;750.0;772.0;737.0;752.0;700.0;649.0;635.0;617.0;621.0;619.0;620.0;599.0;590.0;560.0;556.0
Viseu Dï¿½o Lafï¿½es;194;847.0;809.0;790.0;780.0;756.0;753.0;752.0;734.0;753.0;767.0;765.0;780.0;764.0;748.0;730.0;714.0;732.0;711.0;722.0;726.0;714.0;708.0
Aguiar da Beira;1940901;448.0;438.0;362.0;291.0;278.0;343.0;396.0;400.0;428.0;340.0;305.0;295.0;253.0;300.0;300.0;300.0;300.0;300.0;300.0;300.0;300.0;300.0
Carregal do Sal;1941802;571.0;528.0;496.0;535.0;493.0;541.0;533.0;514.0;543.0;522.0;510.0;522.0;472.0;450.0;455.0;432.0;455.0;469.0;479.0;379.0;426.0;447.0
Castro Daire;1941803;532.0;506.0;473.0;465.0;457.0;423.0;423.0;500.0;526.0;528.0;548.0;514.0;433.0;486.0;511.0;517.0;521.0;485.0;500.0;459.0;469.0;485.0
Mangualde;1941806;591.0;559.0;518.0;519.0;529.0;546.0;524.0;527.0;544.0;553.0;558.0;537.0;532.0;554.0;559.0;605.0;607.0;566.0;558.0;532.0;548.0;514.0
Nelas;1941809;723.0;690.0;645.0;645.0;553.0;579.0;580.0;593.0;582.0;539.0;523.0;482.0;503.0;481.0;485.0;481.0;493.0;514.0;514.0;506.0;504.0;504.0
Oliveira de Frades;1941810;848.0;847.0;764.0;737.0;624.0;603.0;662.0;643.0;670.0;683.0;580.0;580.0;585.0;578.0;621.0;609.0;609.0;597.0;601.0;667.0;658.0;658.0
Penalva do Castelo;1941811;398.0;422.0;451.0;451.0;479.0;432.0;365.0;361.0;398.0;441.0;543.0;554.0;575.0;569.0;542.0;498.0;490.0;358.0;255.0;259.0;276.0;348.0
Santa Comba Dï¿½o;1941814;763.0;763.0;695.0;525.0;513.0;484.0;525.0;517.0;522.0;541.0;517.0;500.0;480.0;477.0;519.0;536.0;550.0;610.0;552.0;474.0;474.0;462.0
Sï¿½o Pedro do Sul;1941816;759.0;784.0;812.0;787.0;755.0;828.0;775.0;835.0;831.0;794.0;842.0;797.0;803.0;769.0;698.0;681.0;699.0;667.0;675.0;650.0;645.0;641.0
Sï¿½tï¿½o;1941817;639.0;593.0;506.0;462.0;469.0;514.0;495.0;533.0;552.0;481.0;501.0;482.0;453.0;452.0;437.0;450.0;461.0;467.0;465.0;478.0;439.0;429.0
Tondela;1941821;658.0;616.0;600.0;614.0;610.0;606.0;576.0;582.0;623.0;639.0;686.0;684.0;692.0;670.0;623.0;641.0;600.0;554.0;550.0;543.0;534.0;539.0
Vila Nova de Paiva;1941822;524.0;477.0;425.0;449.0;477.0;498.0;452.0;340.0;283.0;279.0;286.0;366.0;446.0;446.0;446.0;446.0;446.0;446.0;446.0;446.0;446.0;446.0
Viseu;1941823;1354.0;1273.0;1258.0;1232.0;1198.0;1185.0;1169.0;1137.0;1150.0;1150.0;1116.0;1084.0;1065.0;1042.0;1010.0;988.0;1000.0;962.0;964.0;958.0;930.0;922.0
Vouzela;1941824;523.0;516.0;557.0;707.0;655.0;640.0;603.0;556.0;463.0;439.0;463.0;422.0;490.0;505.0;492.0;426.0;409.0;418.0;428.0;497.0;531.0;500.0
Beira Baixa;195;619.0;583.0;565.0;556.0;555.0;556.0;558.0;572.0;595.0;618.0;615.0;600.0;588.0;580.0;575.0;568.0;583.0;580.0;585.0;590.0;590.0;573.0
Castelo Branco;1950502;796.0;743.0;724.0;735.0;747.0;742.0;741.0;728.0;721.0;731.0;733.0;725.0;708.0;696.0;667.0;670.0;685.0;670.0;666.0;658.0;671.0;641.0
Idanha-a-Nova;1950505;268.0;274.0;254.0;274.0;304.0;278.0;290.0;319.0;299.0;312.0;323.0;304.0;330.0;316.0;278.0;238.0;249.0;263.0;263.0;284.0;280.0;267.0
Oleiros;1950506;428.0;460.0;426.0;429.0;570.0;538.0;506.0;401.0;375.0;409.0;347.0;378.0;356.0;276.0;308.0;301.0;314.0;333.0;375.0;363.0;323.0;281.0
Penamacor;1950507;324.0;300.0;283.0;267.0;281.0;314.0;301.0;329.0;270.0;261.0;269.0;259.0;261.0;229.0;222.0;213.0;212.0;225.0;225.0;235.0;224.0;247.0
Proenï¿½a-a-Nova;1950508;593.0;627.0;635.0;671.0;611.0;449.0;430.0;372.0;475.0;588.0;571.0;592.0;476.0;450.0;517.0;477.0;532.0;565.0;445.0;428.0;413.0;391.0
Vila Velha de Rï¿½dï¿½o;1950511;340.0;325.0;313.0;289.0;288.0;273.0;278.0;256.0;234.0;234.0;219.0;219.0;224.0;306.0;300.0;459.0;438.0;267.0;321.0;331.0;290.0;321.0
Sertï¿½;1950509;854.0;857.0;799.0;762.0;683.0;612.0;640.0;723.0;753.0;760.0;742.0;718.0;667.0;571.0;600.0;556.0;567.0;589.0;613.0;595.0;599.0;613.0
Vila de Rei;1950510;411.0;433.0;373.0;400.0;335.0;400.0;463.0;453.0;515.0;439.0;389.0;389.0;352.0;346.0;427.0;418.0;515.0;521.0;407.0;521.0;484.0;300.0
Beiras e Serra da Estrela;196;625.0;595.0;570.0;575.0;558.0;573.0;575.0;564.0;578.0;570.0;578.0;576.0;575.0;550.0;545.0;542.0;527.0;569.0;535.0;544.0;529.0;515.0
Almeida;1960902;335.0;335.0;383.0;403.0;313.0;336.0;284.0;252.0;233.0;233.0;250.0;234.0;232.0;230.0;230.0;239.0;240.0;249.0;361.0;259.0;314.0;317.0
Belmonte;1960501;679.0;556.0;556.0;593.0;592.0;625.0;639.0;612.0;600.0;501.0;480.0;455.0;415.0;442.0;443.0;478.0;494.0;442.0;474.0;400.0;397.0;391.0
Celorico da Beira;1960903;367.0;363.0;398.0;365.0;339.0;295.0;317.0;309.0;356.0;370.0;356.0;340.0;333.0;285.0;241.0;343.0;307.0;347.0;332.0;287.0;232.0;214.0
Covilhï¿½;1960503;946.0;870.0;800.0;809.0;811.0;824.0;828.0;814.0;792.0;776.0;777.0;782.0;770.0;731.0;715.0;689.0;667.0;722.0;710.0;727.0;708.0;672.0
Figueira de Castelo Rodrigo;1960904;190.0;240.0;250.0;229.0;209.0;185.0;140.0;209.0;143.0;192.0;171.0;177.0;177.0;156.0;200.0;189.0;222.0;167.0;167.0;134.0;130.0;156.0
Fornos de Algodres;1960905;332.0;291.0;284.0;359.0;389.0;405.0;378.0;215.0;217.0;218.0;202.0;237.0;224.0;159.0;246.0;233.0;233.0;233.0;233.0;233.0;233.0;233.0
Fundï¿½o;1960504;733.0;742.0;749.0;695.0;633.0;606.0;616.0;587.0;595.0;556.0;511.0;508.0;500.0;518.0;576.0;613.0;603.0;610.0;589.0;595.0;598.0;601.0
Gouveia;1960906;454.0;418.0;417.0;456.0;425.0;446.0;408.0;397.0;409.0;416.0;435.0;421.0;397.0;353.0;395.0;396.0;380.0;385.0;250.0;299.0;318.0;280.0
Guarda;1960907;910.0;835.0;782.0;727.0;712.0;706.0;706.0;737.0;748.0;746.0;746.0;731.0;731.0;727.0;706.0;666.0;656.0;660.0;648.0;643.0;648.0;618.0
Manteigas;1960908;367.0;389.0;344.0;339.0;403.0;329.0;349.0;354.6666666666667;360.3333333333333;366.0;375.0;386.0;390.0;413.0;375.0;341.0;341.0;341.0;341.0;341.0;341.0;341.0
Mï¿½da;1960909;369.0;416.0;356.0;309.0;156.0;156.0;163.0;233.0;284.0;234.0;252.0;243.0;255.0;306.0;296.0;270.0;270.0;237.0;276.0;286.0;239.0;387.0
Pinhel;1960910;379.0;360.0;368.0;371.0;324.0;315.0;280.0;286.0;250.0;264.0;297.0;321.0;321.0;325.0;268.0;273.0;362.0;290.0;290.0;250.0;216.0;219.0
Sabugal;1960911;332.0;289.0;276.0;322.0;341.0;391.0;400.0;356.0;333.0;297.0;278.0;272.0;293.0;270.0;247.0;300.0;317.0;332.0;339.0;310.0;292.0;268.0
Seia;1960912;517.0;517.0;497.0;500.0;519.0;527.0;519.0;519.0;504.0;489.0;495.0;490.0;454.0;442.0;440.0;429.0;439.0;471.0;403.0;404.0;377.0;358.0
Trancoso;1960913;435.0;417.0;433.0;362.0;353.0;357.0;314.0;400.0;311.0;345.0;309.0;295.0;302.0;203.0;222.0;218.0;218.0;266.0;279.0;294.0;326.0;299.0
Oeste e Vale do Tejo;1D;1335.0;1281.0;1229.0;1190.0;1165.0;1140.0;1105.0;1067.0;1038.0;1010.0;993.0;965.0;923.0;906.0;883.0;867.0;865.0;866.0;847.0;831.0;815.0;791.0
Oeste;1D1;1676.0;1613.0;1566.0;1519.0;1497.0;1469.0;1414.0;1372.0;1340.0;1297.0;1268.0;1225.0;1173.0;1138.0;1086.0;1055.0;1030.0;1019.0;995.0;969.0;952.0;929.0
Alcobaï¿½a;1D11001;1428.0;1339.0;1319.0;1303.0;1284.0;1274.0;1204.0;1124.0;1076.0;1065.0;1065.0;1076.0;1055.0;1035.0;974.0;909.0;894.0;887.0;860.0;858.0;845.0;826.0
Alenquer;1D11101;1576.0;1534.0;1500.0;1474.0;1440.0;1389.0;1293.0;1235.0;1213.0;1165.0;1149.0;1070.0;986.0;953.0;910.0;910.0;910.0;920.0;905.0;861.0;849.0;806.0
Arruda dos Vinhos;1D11102;1770.0;1780.0;1773.0;1661.0;1617.0;1464.0;1436.0;1484.0;1482.0;1447.0;1382.0;1306.0;1329.0;1340.0;1303.0;1239.0;1143.0;1062.0;1049.0;1062.0;1032.0;1042.0
Bombarral;1D11005;1412.0;1311.0;1252.0;1160.0;1121.0;1115.0;1065.0;1033.0;1000.0;956.0;947.0;861.0;750.0;754.0;758.0;785.0;810.0;745.0;725.0;674.0;669.0;669.0
Cadaval;1D11104;1162.0;1080.0;1021.0;947.0;921.0;912.0;892.0;862.0;860.0;839.0;837.0;803.0;784.0;760.0;709.0;707.0;680.0;678.0;625.0;584.0;591.0;578.0
Caldas da Rainha;1D11006;1715.0;1662.0;1633.0;1551.0;1527.0;1500.0;1457.0;1415.0;1389.0;1320.0;1292.0;1227.0;1174.0;1135.0;1096.0;1050.0;1044.0;1028.0;996.0;964.0;929.0;921.0
Lourinhï¿½;1D11108;1692.0;1642.0;1642.0;1546.0;1444.0;1473.0;1422.0;1382.0;1322.0;1268.0;1230.0;1208.0;1162.0;1145.0;1140.0;1137.0;1115.0;1058.0;1020.0;936.0;934.0;936.0
Nazarï¿½;1D11011;2559.0;2559.0;2400.0;2125.0;2191.0;2059.0;2137.0;2065.0;1839.0;1870.0;1782.0;1655.0;1593.0;1486.0;1437.0;1446.0;1422.0;1369.0;1362.0;1271.0;1294.0;1295.0
ï¿½bidos;1D11012;2032.0;1914.0;1896.0;1822.0;1776.0;1790.0;1780.0;1762.0;1693.0;1618.0;1604.0;1547.0;1483.0;1427.0;1349.0;1295.0;1291.0;1294.0;1230.0;1195.0;1206.0;1202.0
Peniche;1D11014;1834.0;1810.0;1747.0;1685.0;1739.0;1683.0;1650.0;1568.0;1513.0;1429.0;1385.0;1339.0;1272.0;1255.0;1195.0;1176.0;1115.0;1127.0;1099.0;1057.0;1080.0;1056.0
Sobral de Monte Agraï¿½o;1D11112;1628.0;1313.0;1248.0;1164.0;1182.0;1164.0;1192.0;1206.0;1041.0;1030.0;980.0;946.0;1007.0;939.0;941.0;891.0;896.0;908.0;892.0;893.0;850.0;843.0
Torres Vedras;1D11113;1830.0;1784.0;1704.0;1643.0;1624.0;1581.0;1553.0;1554.0;1518.0;1494.0;1452.0;1416.0;1329.0;1291.0;1252.0;1201.0;1155.0;1105.0;1095.0;1066.0;1030.0;1001.0
Mï¿½dio Tejo;1D2;983.0;937.0;889.0;853.0;861.0;833.0;816.0;798.0;765.0;740.0;710.0;692.0;664.0;655.0;637.0;625.0;632.0;650.0;650.0;652.0;637.0;598.0
Abrantes;1D21401;760.0;715.0;640.0;635.0;633.0;625.0;608.0;577.0;555.0;550.0;549.0;528.0;515.0;503.0;482.0;501.0;504.0;504.0;511.0;500.0;500.0;475.0
Alcanena;1D21402;789.0;690.0;556.0;501.0;495.0;492.0;479.0;443.0;469.0;487.0;522.0;522.0;487.0;480.0;476.0;473.0;473.0;457.0;448.0;452.0;451.0;453.0
Constï¿½ncia;1D21408;885.0;938.0;839.0;843.0;835.0;737.0;741.0;675.0;675.0;692.0;674.0;721.0;573.0;571.0;537.0;495.0;455.0;441.0;507.0;571.0;589.0;594.0
Entroncamento;1D21410;1278.0;1227.0;1164.0;1115.0;1069.0;1027.0;969.0;930.0;899.0;848.0;785.0;733.0;679.0;678.0;673.0;654.0;638.0;606.0;562.0;549.0;547.0;530.0
Ferreira do Zï¿½zere;1D21411;800.0;843.0;833.0;800.0;738.0;675.0;708.0;709.0;722.0;718.0;702.0;714.0;686.0;677.0;661.0;565.0;525.0;542.0;639.0;622.0;605.0;631.0
Maï¿½ï¿½o;1D21413;271.0;273.0;243.0;270.0;314.0;273.0;322.0;289.0;252.0;297.0;235.0;279.0;319.0;333.0;327.0;278.0;234.0;230.0;233.0;262.0;288.0;262.0
Ourï¿½m;1D21421;1092.0;1000.0;963.0;948.0;943.0;960.0;1022.0;998.0;971.0;934.0;881.0;840.0;821.0;797.0;789.0;786.0;802.0;987.0;919.0;897.0;892.0;727.0
Sardoal;1D21417;556.0;561.0;440.0;471.0;536.0;488.0;458.0;444.0;421.0;405.0;429.0;445.0;474.0;500.0;334.0;334.0;360.0;325.0;378.0;390.0;298.0;376.0
Tomar;1D21418;969.0;943.0;933.0;921.0;966.0;937.0;897.0;854.0;817.0;822.0;814.0;808.0;756.0;745.0;734.0;723.0;747.0;722.0;721.0;734.0;702.0;712.0
Torres Novas;1D21419;917.0;889.0;832.0;835.0;833.0;812.0;809.0;795.0;765.0;740.0;709.0;703.0;674.0;669.0;656.0;647.0;667.0;647.0;651.0;650.0;630.0;626.0
Vila Nova da Barquinha;1D21420;1126.0;1097.0;1075.0;1011.0;1012.0;989.0;988.0;964.0;836.0;797.0;775.0;769.0;740.0;714.0;700.0;673.0;673.0;691.0;702.0;703.0;690.0;678.0
Lezï¿½ria do Tejo;1D3;1277.0;1218.0;1170.0;1133.0;1099.0;1061.0;1032.0;996.0;968.0;935.0;900.0;863.0;819.0;822.0;809.0;807.0;810.0;800.0;771.0;743.0;729.0;703.0
Almeirim;1D31403;1210.0;1117.0;1075.0;986.0;949.0;908.0;890.0;917.0;859.0;850.0;818.0;775.0;731.0;728.0;722.0;729.0;712.0;699.0;646.0;658.0;669.0;643.0
Alpiarï¿½a;1D31404;1030.0;977.0;977.0;971.0;936.0;895.0;845.0;805.0;700.0;667.0;591.0;571.0;581.0;611.0;614.0;588.0;613.0;580.0;583.0;620.0;621.0;592.0
Azambuja;1D31103;1326.0;1329.0;1308.0;1293.0;1204.0;1210.0;1228.0;1132.0;1146.0;1098.0;1055.0;995.0;980.0;947.0;947.0;948.0;949.0;1011.0;1005.0;992.0;934.0;865.0
Benavente;1D31405;1599.0;1538.0;1492.0;1417.0;1391.0;1354.0;1312.0;1253.0;1222.0;1187.0;1117.0;1034.0;985.0;960.0;939.0;935.0;916.0;899.0;877.0;855.0;829.0;781.0
Cartaxo;1D31406;1219.0;1172.0;1127.0;1102.0;1084.0;1087.0;1011.0;988.0;969.0;915.0;890.0;825.0;798.0;772.0;760.0;773.0;764.0;757.0;743.0;718.0;708.0;686.0
Chamusca;1D31407;722.0;712.0;602.0;585.0;593.0;587.0;620.0;620.0;632.0;553.0;529.0;457.0;408.0;465.0;462.0;474.0;476.0;490.0;490.0;486.0;476.0;442.0
Coruche;1D31409;1109.0;1171.0;1160.0;1114.0;1003.0;889.0;871.0;866.0;865.0;825.0;830.0;805.0;775.0;775.0;737.0;722.0;749.0;712.0;642.0;642.0;616.0;620.0
Golegï¿½;1D31412;865.0;851.0;850.0;819.0;889.0;892.0;856.0;814.0;775.0;787.0;732.0;712.0;638.0;618.0;625.0;617.0;620.0;611.0;588.0;651.0;657.0;656.0
Rio Maior;1D31414;1111.0;1041.0;1023.0;975.0;939.0;855.0;887.0;852.0;884.0;833.0;771.0;740.0;742.0;791.0;759.0;778.0;734.0;686.0;655.0;608.0;636.0;646.0
Salvaterra de Magos;1D31415;1486.0;1435.0;1329.0;1260.0;1259.0;1258.0;1249.0;1211.0;1213.0;1182.0;1161.0;1117.0;1029.0;1006.0;968.0;954.0;984.0;944.0;916.0;865.0;793.0;791.0
Santarï¿½m;1D31416;1224.0;1194.0;1106.0;1072.0;1046.0;985.0;983.0;974.0;927.0;897.0;877.0;818.0;795.0;797.0;791.0;793.0;793.0;752.0;731.0;714.0;700.0;682.0
Grande Lisboa;1A;3025.0;2939.0;2856.0;2782.0;2769.0;2740.0;2691.0;2615.0;2537.0;2454.0;2395.0;2319.0;2241.0;2161.0;2092.0;2053.0;1998.0;1995.0;1947.0;1905.0;1875.0;1820.0
Grande Lisboa;1A0;3025.0;2939.0;2856.0;2782.0;2769.0;2740.0;2691.0;2615.0;2537.0;2454.0;2395.0;2319.0;2241.0;2161.0;2092.0;2053.0;1998.0;1995.0;1947.0;1905.0;1875.0;1820.0
Amadora;1A01115;2568.0;2481.0;2410.0;2343.0;2314.0;2260.0;2223.0;2154.0;2108.0;2049.0;1984.0;1929.0;1884.0;1820.0;1783.0;1743.0;1723.0;1678.0;1632.0;1611.0;1572.0;1500.0
Cascais;1A01105;4190.0;4053.0;4023.0;4023.0;4010.0;3976.0;3831.0;3667.0;3574.0;3473.0;3371.0;3276.0;3184.0;3046.0;2946.0;2851.0;2776.0;2780.0;2746.0;2708.0;2667.0;2588.0
Lisboa;1A01106;4412.0;4340.0;4252.0;4203.0;4188.0;4167.0;4151.0;4080.0;3965.0;3872.0;3785.0;3704.0;3642.0;3531.0;3437.0;3347.0;3333.0;3415.0;3402.0;3414.0;3375.0;3286.0
Loures;1A01107;2707.0;2609.0;2501.0;2435.0;2439.0;2482.0;2430.0;2380.0;2293.0;2155.0;2116.0;2062.0;1991.0;1960.0;1916.0;1888.0;1820.0;1796.0;1764.0;1699.0;1680.0;1641.0
Mafra;1A01109;2493.0;2410.0;2338.0;2306.0;2228.0;2200.0;2171.0;2118.0;2135.0;2065.0;1948.0;1879.0;1796.0;1704.0;1670.0;1614.0;1600.0;1557.0;1495.0;1433.0;1391.0;1354.0
Odivelas;1A01116;2876.0;2765.0;2656.0;2607.0;2525.0;2517.0;2497.0;2464.0;2448.0;2355.0;2286.0;2234.0;2197.0;2156.0;2134.0;2078.0;2057.0;2029.0;1978.0;1948.0;1867.0;1814.0
Oeiras;1A01110;3643.0;3471.0;3333.0;3244.0;3198.0;3158.0;3177.0;3145.0;3093.0;3001.0;2929.0;2822.0;2721.0;2644.0;2550.0;2467.0;2440.0;2363.0;2330.0;2302.0;2286.0;2256.0
Sintra;1A01111;2297.0;2226.0;2158.0;2100.0;2059.0;2014.0;1957.0;1913.0;1868.0;1816.0;1751.0;1688.0;1612.0;1548.0;1508.0;1473.0;1441.0;1413.0;1361.0;1307.0;1267.0;1213.0
Vila Franca de Xira;1A01114;2194.0;2102.0;2031.0;1978.0;1936.0;1897.0;1886.0;1833.0;1798.0;1750.0;1681.0;1626.0;1560.0;1525.0;1486.0;1429.0;1383.0;1368.0;1319.0;1279.0;1256.0;1204.0
Penï¿½nsula de Setï¿½bal;1B;2196.0;2117.0;2041.0;1991.0;1937.0;1901.0;1856.0;1811.0;1760.0;1709.0;1648.0;1581.0;1513.0;1459.0;1408.0;1375.0;1350.0;1314.0;1261.0;1216.0;1184.0;1142.0
Penï¿½nsula de Setï¿½bal;1B0;2196.0;2117.0;2041.0;1991.0;1937.0;1901.0;1856.0;1811.0;1760.0;1709.0;1648.0;1581.0;1513.0;1459.0;1408.0;1375.0;1350.0;1314.0;1261.0;1216.0;1184.0;1142.0
Alcochete;1B01502;2209.0;2106.0;2086.0;2096.0;2082.0;2086.0;2002.0;1890.0;1885.0;1867.0;1886.0;1979.0;1979.0;1951.0;1840.0;1661.0;1525.0;1493.0;1434.0;1433.0;1405.0;1393.0
Almada;1B01503;2742.0;2644.0;2574.0;2518.0;2433.0;2374.0;2331.0;2267.0;2238.0;2179.0;2092.0;2026.0;1946.0;1895.0;1860.0;1838.0;1801.0;1748.0;1704.0;1615.0;1584.0;1533.0
Barreiro;1B01504;2037.0;1942.0;1839.0;1769.0;1725.0;1687.0;1634.0;1595.0;1556.0;1512.0;1426.0;1349.0;1287.0;1226.0;1189.0;1162.0;1136.0;1105.0;1054.0;1026.0;1000.0;948.0
Moita;1B01506;1817.0;1713.0;1657.0;1582.0;1537.0;1498.0;1446.0;1405.0;1350.0;1280.0;1214.0;1163.0;1078.0;1035.0;993.0;966.0;952.0;925.0;893.0;867.0;837.0;792.0
Montijo;1B01507;2111.0;2040.0;2000.0;1931.0;1883.0;1840.0;1835.0;1792.0;1749.0;1710.0;1643.0;1559.0;1482.0;1421.0;1364.0;1338.0;1334.0;1322.0;1300.0;1264.0;1243.0;1204.0
Palmela;1B01508;1993.0;1921.0;1822.0;1789.0;1769.0;1764.0;1716.0;1654.0;1605.0;1556.0;1475.0;1411.0;1372.0;1312.0;1272.0;1237.0;1198.0;1157.0;1041.0;1016.0;1001.0;967.0
Seixal;1B01510;2253.0;2171.0;2102.0;2053.0;2016.0;1992.0;1924.0;1878.0;1821.0;1761.0;1700.0;1627.0;1569.0;1510.0;1458.0;1410.0;1380.0;1351.0;1300.0;1240.0;1195.0;1146.0
Sesimbra;1B01511;2342.0;2295.0;2171.0;2139.0;2121.0;2086.0;2091.0;2070.0;2012.0;1956.0;1862.0;1759.0;1701.0;1667.0;1573.0;1503.0;1456.0;1404.0;1382.0;1354.0;1331.0;1324.0
Setï¿½bal;1B01512;2095.0;2036.0;1981.0;1920.0;1872.0;1835.0;1811.0;1758.0;1709.0;1648.0;1583.0;1516.0;1447.0;1384.0;1335.0;1325.0;1307.0;1283.0;1223.0;1182.0;1137.0;1092.0
Alentejo;1C;908.0;862.0;832.0;814.0;808.0;803.0;796.0;792.0;796.0;795.0;792.0;772.0;746.0;738.0;722.0;712.0;717.0;712.0;706.0;702.0;685.0;674.0
Alentejo Litoral;1C1;1794.0;1741.0;1724.0;1690.0;1638.0;1605.0;1563.0;1493.0;1458.0;1431.0;1373.0;1308.0;1254.0;1203.0;1146.0;1132.0;1101.0;1099.0;1089.0;1091.0;1050.0;1010.0
Alcï¿½cer do Sal;1C11501;1595.0;1475.0;1237.0;1287.0;1243.0;1273.0;1351.0;1277.0;1222.0;1151.0;1138.0;888.0;853.0;872.0;825.0;941.0;940.0;900.0;829.0;828.0;822.0;789.0
Grï¿½ndola;1C11505;1950.0;1877.0;2293.0;2107.0;2063.0;2067.0;1924.0;1833.0;1793.0;1722.0;1661.0;1700.0;1726.0;1646.0;1508.0;1453.0;1250.0;1221.0;1218.0;1190.0;1150.0;1045.0
Odemira;1C10211;1463.0;1379.0;1388.0;1403.0;1421.0;1392.0;1413.0;1328.0;1378.0;1477.0;1370.0;1368.0;1254.0;1197.0;1101.0;1101.0;1107.0;1141.0;1203.0;1171.0;1143.0;1130.0
Santiago do Cacï¿½m;1C11509;1778.0;1751.0;1684.0;1662.0;1626.0;1549.0;1526.0;1432.0;1354.0;1321.0;1263.0;1198.0;1152.0;1132.0;1082.0;1016.0;1012.0;1005.0;997.0;1012.0;997.0;957.0
Sines;1C11513;2083.0;2035.0;2099.0;2096.0;2014.0;1925.0;1786.0;1718.0;1718.0;1659.0;1587.0;1482.0;1434.0;1344.0;1334.0;1333.0;1326.0;1320.0;1206.0;1167.0;1102.0;1054.0
Baixo Alentejo;1C2;717.0;688.0;676.0;660.0;660.0;629.0;618.0;617.0;635.0;646.0;637.0;625.0;597.0;591.0;597.0;581.0;578.0;564.0;539.0;522.0;514.0;536.0
Aljustrel;1C20201;663.0;619.0;741.0;613.0;584.0;584.0;579.0;614.0;659.0;658.0;556.0;534.0;455.0;451.0;471.0;462.0;493.0;493.0;493.0;492.0;484.0;509.0
Almodï¿½var;1C20202;764.0;618.0;522.0;509.0;578.0;625.0;625.0;682.0;621.0;579.0;559.0;554.0;528.0;476.0;548.0;481.0;629.0;613.0;566.0;600.0;588.0;600.0
Alvito;1C20203;764.0;764.0;839.0;747.0;608.0;495.0;515.5;536.0;571.0;658.0;632.0;521.0;477.0;443.0;443.0;443.0;443.0;443.0;443.0;443.0;443.0;443.0
Barrancos;1C20204;470.0;470.0;470.0;470.0;470.0;470.0;470.0;470.0;470.0;470.0;470.0;470.0;470.0;470.0;470.0;470.0;470.0;470.0;470.0;470.0;470.0;470.0
Beja;1C20205;995.0;935.0;946.0;933.0;954.0;932.0;881.0;868.0;858.0;839.0;853.0;856.0;843.0;852.0;820.0;765.0;758.0;740.0;677.0;706.0;713.0;698.0
Castro Verde;1C20206;826.0;819.0;659.0;541.0;600.0;514.0;498.0;500.0;475.0;633.0;653.0;635.0;561.0;539.0;476.0;578.0;652.0;547.0;571.0;475.0;476.0;540.0
Cuba;1C20207;643.0;643.0;642.0;649.0;614.0;614.0;627.0;552.0;580.0;580.0;562.0;625.0;625.0;625.0;627.0;579.0;578.0;467.0;455.0;305.0;260.0;272.0
Ferreira do Alentejo;1C20208;579.0;539.0;540.0;551.0;622.0;582.0;606.0;551.0;520.0;512.0;508.0;508.0;483.0;475.0;451.0;452.0;452.0;454.0;426.0;410.0;392.0;371.0
Mï¿½rtola;1C20209;523.0;500.0;451.0;457.0;467.0;417.0;417.0;357.0;412.0;409.0;364.0;326.0;327.0;387.0;389.0;500.0;500.0;402.0;435.0;357.0;305.0;258.0
Moura;1C20210;564.0;535.0;505.0;502.0;500.0;514.0;533.0;562.0;562.0;562.0;556.0;545.0;592.0;569.0;584.0;569.0;508.0;480.0;425.0;420.0;441.0;444.0
Ourique;1C20212;713.0;601.0;643.0;707.0;780.0;765.0;540.0;531.0;595.0;558.0;635.0;636.0;620.0;663.0;696.0;669.0;589.0;578.0;493.0;488.0;508.0;514.0
Serpa;1C20213;686.0;677.0;637.0;620.0;610.0;561.0;600.0;584.0;607.0;640.0;590.0;588.0;511.0;480.0;494.0;495.0;468.0;467.0;450.0;434.0;438.0;469.0
Vidigueira;1C20214;558.0;576.0;636.0;650.0;652.0;618.0;548.0;490.0;473.0;472.0;467.0;462.0;467.0;488.0;485.0;489.0;485.0;452.0;466.0;470.0;438.0;399.0
Alto Alentejo;1C3;647.0;590.0;549.0;533.0;514.0;520.0;508.0;506.0;500.0;500.0;498.0;486.0;471.0;473.0;457.0;455.0;470.0;456.0;459.0;433.0;431.0;438.0
Alter do Chï¿½o;1C31201;456.0;456.0;436.0;437.0;462.0;469.0;434.0;426.0;412.0;379.0;380.0;381.0;348.0;294.0;241.0;257.0;275.0;276.0;333.0;312.0;313.0;333.0
Arronches;1C31202;687.0;616.0;521.0;424.0;413.0;388.0;392.0;444.0;416.0;526.0;440.0;500.0;427.0;427.0;412.0;375.0;391.0;391.0;304.0;280.0;337.0;268.0
Avis;1C31203;569.0;567.0;574.0;611.0;587.0;603.0;532.0;490.0;496.0;443.0;447.0;465.0;459.0;500.0;500.0;488.0;512.0;453.0;414.0;405.0;374.0;388.0
Campo Maior;1C31204;610.0;556.0;491.0;480.0;483.0;480.0;486.0;480.0;451.0;524.0;530.0;530.0;526.0;549.0;529.0;536.0;536.0;446.0;460.0;460.0;464.0;460.0
Castelo de Vide;1C31205;680.0;583.0;532.0;490.0;490.0;529.0;483.0;505.0;486.0;429.0;417.0;410.0;391.0;404.0;404.0;408.0;426.0;390.0;388.0;341.0;320.0;244.0
Crato;1C31206;344.0;313.0;314.0;310.0;279.0;331.0;326.0;326.0;335.0;369.0;322.0;333.0;306.0;299.0;333.0;308.0;379.0;368.0;310.0;261.5;213.0;213.0
Elvas;1C31207;841.0;777.0;623.0;593.0;598.0;613.0;593.0;606.0;585.0;578.0;585.0;500.0;482.0;471.0;462.0;576.0;588.0;562.0;550.0;473.0;457.0;504.0
Fronteira;1C31208;580.0;565.0;553.0;560.0;534.0;511.0;449.0;426.0;419.0;417.0;442.0;500.0;505.0;467.0;467.0;454.0;406.0;415.0;344.0;273.0;265.0;255.0
Gaviï¿½o;1C31209;343.0;333.0;356.0;370.0;400.0;400.0;453.0;381.0;381.0;353.0;333.0;307.0;307.0;241.0;268.0;255.0;223.0;245.0;272.0;292.0;274.0;283.0
Marvï¿½o;1C31210;540.0;540.0;545.0;503.0;408.0;402.0;404.0;404.0;446.0;451.0;517.0;607.0;600.0;536.0;391.0;375.0;286.0;362.0;424.0;411.0;473.0;482.0
Monforte;1C31211;442.0;440.0;509.0;439.0;504.0;504.0;413.0;504.0;400.0;421.0;353.0;245.0;266.0;280.0;295.0;318.0;307.0;297.0;303.0;309.0;313.0;313.0
Nisa;1C31212;419.0;395.0;370.0;377.0;364.0;321.0;330.0;329.0;342.0;345.0;339.0;340.0;277.0;289.0;324.0;289.0;334.0;353.0;313.0;303.0;306.0;304.0
Ponte de Sor;1C31213;811.0;812.0;736.0;726.0;694.0;718.0;742.0;738.0;730.0;688.0;738.0;734.0;724.0;731.0;639.0;617.0;601.0;568.0;563.0;532.0;547.0;553.0
Portalegre;1C31214;909.0;780.0;741.0;739.0;763.0;723.0;721.0;705.0;707.0;691.0;644.0;609.0;595.0;609.0;612.0;627.0;625.0;635.0;634.0;604.0;622.0;619.0
Sousel;1C31215;575.0;543.0;546.0;525.0;472.0;500.0;408.0;379.0;370.0;368.0;365.0;349.0;343.0;311.0;311.0;331.0;370.0;368.0;328.0;321.0;311.0;249.0
Alentejo Central;1C4;1030.0;1002.0;992.0;988.0;963.0;961.0;955.0;953.0;938.0;917.0;894.0;864.0;826.0;784.0;768.0;742.0;756.0;778.0;788.0;799.0;769.0;732.0
Alandroal;1C40701;714.0;711.0;693.0;613.0;536.0;534.0;530.0;532.0;534.0;602.0;512.0;483.0;453.0;383.0;441.0;459.0;489.0;483.0;388.0;303.0;302.0;281.0
Arraiolos;1C40702;810.0;820.0;844.0;848.0;816.0;855.0;724.0;686.0;707.0;688.0;722.0;707.0;656.0;634.0;601.0;608.0;607.0;616.0;626.0;576.0;539.0;505.0
Borba;1C40703;663.0;657.0;730.0;735.0;651.0;658.0;572.0;593.0;588.0;615.0;632.0;642.0;617.0;543.0;568.0;482.0;495.0;441.0;434.0;441.0;406.0;378.0
Estremoz;1C40704;784.0;808.0;778.0;730.0;694.0;704.0;736.0;764.0;762.0;707.0;661.0;687.0;655.0;653.0;635.0;605.0;610.0;597.0;602.0;575.0;543.0;514.0
ï¿½vora;1C40705;1903.0;1882.0;1821.0;1863.0;1878.0;1864.0;1874.0;1809.0;1723.0;1635.0;1558.0;1502.0;1473.0;1402.0;1343.0;1316.0;1322.0;1316.0;1288.0;1268.0;1243.0;1194.0
Montemor-o-Novo;1C40706;1216.0;1140.0;1155.0;1143.0;1105.0;1101.0;1080.0;1010.0;1000.0;942.0;919.0;943.0;841.0;806.0;798.0;784.0;866.0;848.0;846.0;789.0;704.0;698.0
Mora;1C40707;952.0;833.0;712.0;678.0;714.0;673.0;611.0;603.0;591.0;528.0;600.0;589.0;579.0;581.0;500.0;460.0;423.0;521.0;556.0;580.0;556.0;460.0
Mourï¿½o;1C40708;813.0;711.0;644.0;644.0;644.0;523.0;511.0;602.0;583.0;678.0;688.0;686.0;682.0;641.0;630.0;607.0;594.0;581.0;557.0;507.0;459.0;384.0
Portel;1C40709;519.0;509.0;501.0;481.0;481.0;465.0;423.0;458.0;405.0;418.0;406.0;456.0;428.0;411.0;422.0;322.0;322.0;328.0;322.0;341.0;329.0;345.0
Redondo;1C40710;801.0;692.0;642.0;601.0;680.0;707.0;675.0;694.0;599.0;557.0;529.0;519.0;552.0;597.0;610.0;617.0;638.0;593.0;571.0;493.0;439.0;425.0
Reguengos de Monsaraz;1C40711;901.0;868.0;780.0;848.0;794.0;780.0;777.0;797.0;859.0;816.0;795.0;702.0;606.0;575.0;580.0;596.0;599.0;589.0;537.0;531.0;524.0;493.0
Vendas Novas;1C40712;1334.0;1308.0;1225.0;1158.0;1158.0;1086.0;1062.0;1059.0;1034.0;1048.0;1044.0;1031.0;976.0;930.0;873.0;868.0;801.0;801.0;807.0;763.0;773.0;763.0
Viana do Alentejo;1C40713;741.0;713.0;711.0;688.0;668.0;645.0;643.0;643.0;634.0;662.0;547.0;490.0;481.0;472.0;526.0;546.0;571.0;571.0;459.0;534.0;532.0;500.0
Vila Viï¿½osa;1C40714;644.0;588.0;574.0;588.0;652.0;647.0;686.0;708.0;652.0;624.0;578.0;589.0;577.0;600.0;581.0;553.0;554.0;510.0;500.0;482.0;491.0;497.0
Algarve;15;2814.0;2752.0;2701.0;2677.0;2632.0;2613.0;2564.0;2496.0;2429.0;2339.0;2264.0;2199.0;2095.0;2000.0;1922.0;1857.0;1836.0;1816.0;1772.0;1740.0;1721.0;1696.0
Algarve;150;2814.0;2752.0;2701.0;2677.0;2632.0;2613.0;2564.0;2496.0;2429.0;2339.0;2264.0;2199.0;2095.0;2000.0;1922.0;1857.0;1836.0;1816.0;1772.0;1740.0;1721.0;1696.0
Albufeira;1500801;3040.0;2941.0;2867.0;2857.0;2815.0;2775.0;2717.0;2660.0;2586.0;2532.0;2428.0;2366.0;2308.0;2212.0;2141.0;2090.0;2057.0;2037.0;1989.0;2017.0;1973.0;1956.0
Alcoutim;1500802;861.0;769.0;760.0;850.0;791.0;795.0;791.0;642.0;753.0;518.0;518.0;518.0;518.0;509.0;522.0;517.0;542.1666666666666;567.3333333333334;592.5;617.6666666666666;642.8333333333334;668.0
Aljezur;1500803;3117.0;3059.0;3050.0;2955.0;2980.0;2929.0;2848.0;2754.0;2669.0;2553.0;2349.0;2248.0;2170.0;2107.0;2025.0;1859.0;1778.0;1768.0;1636.0;1656.0;1624.0;1546.0
Castro Marim;1500804;2115.0;2078.0;2062.0;2064.0;2000.0;2152.0;2072.0;2038.0;2025.0;1981.0;1932.0;1885.0;1736.0;1676.0;1612.0;1517.0;1529.0;1504.0;1429.0;1439.0;1440.0;1395.0
Faro;1500805;2596.0;2504.0;2443.0;2426.0;2359.0;2315.0;2317.0;2277.0;2297.0;2257.0;2175.0;2139.0;1948.0;1844.0;1738.0;1695.0;1744.0;1754.0;1761.0;1707.0;1667.0;1622.0
Lagoa;1500806;2793.0;2762.0;2710.0;2747.0;2718.0;2640.0;2575.0;2428.0;2415.0;2382.0;2356.0;2295.0;2215.0;2073.0;1974.0;1889.0;1874.0;1841.0;1819.0;1710.0;1709.0;1736.0
Lagos;1500807;3582.0;3452.0;3389.0;3307.0;3229.0;3182.0;3079.0;2952.0;2837.0;2678.0;2625.0;2547.0;2425.0;2368.0;2181.0;2126.0;2120.0;2106.0;2114.0;2061.0;2030.0;2009.0
Loulï¿½;1500808;3401.0;3333.0;3267.0;3273.0;3293.0;3269.0;3168.0;3077.0;3000.0;2910.0;2894.0;2873.0;2750.0;2671.0;2548.0;2391.0;2323.0;2347.0;2244.0;2233.0;2232.0;2170.0
Monchique;1500809;1280.0;1250.0;1343.0;1410.0;1201.0;1057.0;1000.0;1000.0;1110.0;1114.0;1063.0;1063.0;974.0;833.0;826.0;721.0;709.0;686.0;740.0;739.0;717.0;717.0
Olhï¿½o;1500810;2325.0;2250.0;2249.0;2209.0;2172.0;2085.0;2013.0;1994.0;1951.0;1884.0;1839.0;1748.0;1651.0;1580.0;1515.0;1471.0;1449.0;1396.0;1382.0;1353.0;1348.0;1380.0
Portimï¿½o;1500811;2632.0;2578.0;2554.0;2500.0;2480.0;2541.0;2530.0;2483.0;2374.0;2219.0;2077.0;2016.0;1910.0;1803.0;1746.0;1700.0;1700.0;1697.0;1596.0;1524.0;1496.0;1474.0
Sï¿½o Brï¿½s de Alportel;1500812;1955.0;1997.0;2079.0;1969.0;1908.0;1843.0;1850.0;1836.0;1802.0;1793.0;1712.0;1536.0;1505.0;1404.0;1369.0;1335.0;1305.0;1277.0;1250.0;1208.0;1179.0;1179.0
Silves;1500813;2489.0;2464.0;2354.0;2283.0;2290.0;2180.0;2130.0;2053.0;2009.0;1919.0;1889.0;1838.0;1748.0;1695.0;1550.0;1533.0;1509.0;1493.0;1509.0;1492.0;1504.0;1485.0
Tavira;1500814;2892.0;2853.0;2754.0;2822.0;2852.0;2826.0;2731.0;2570.0;2420.0;2386.0;2300.0;2244.0;2133.0;2083.0;2051.0;2046.0;2088.0;1985.0;1961.0;1886.0;1872.0;1827.0
Vila do Bispo;1500815;3017.0;3030.0;2927.0;2907.0;2913.0;3162.0;2943.0;2922.0;2669.0;2404.0;2400.0;2163.0;2074.0;2028.0;1845.0;1797.0;1739.0;1654.0;1597.0;1617.0;1549.0;1575.0
Vila Real de Santo Antï¿½nio;1500816;2627.0;2548.0;2431.0;2424.0;2335.0;2311.0;2284.0;2154.0;2046.0;1969.0;1915.0;1961.0;1892.0;1827.0;1794.0;1784.0;1731.0;1672.0;1636.0;1627.0;1559.0;1563.0
Regiï¿½o Autï¿½noma dos Aï¿½ores;2;1224.0;1179.0;1177.0;1145.0;1111.0;1105.0;1087.0;1079.0;1055.0;1034.0;1024.0;975.0;939.0;903.0;862.0;864.0;867.0;874.0;858.0;826.0;807.0;779.0
Regiï¿½o Autï¿½noma dos Aï¿½ores;20;1224.0;1179.0;1177.0;1145.0;1111.0;1105.0;1087.0;1079.0;1055.0;1034.0;1024.0;975.0;939.0;903.0;862.0;864.0;867.0;874.0;858.0;826.0;807.0;779.0
Regiï¿½o Autï¿½noma dos Aï¿½ores;200;1224.0;1179.0;1177.0;1145.0;1111.0;1105.0;1087.0;1079.0;1055.0;1034.0;1024.0;975.0;939.0;903.0;862.0;864.0;867.0;874.0;858.0;826.0;807.0;779.0
Angra do Heroï¿½smo;2004301;1152.0;1070.0;1029.0;1066.0;987.0;976.0;976.0;978.0;938.0;947.0;919.0;889.0;849.0;814.0;791.0;754.0;812.0;854.0;824.0;798.0;758.0;723.0
Calheta;2004501;700.0;691.0;595.0;595.0;430.0;545.0;600.0;674.0;605.5;537.0;468.5;400.0;506.0;512.0;496.1666666666667;480.3333333333333;464.5;448.6666666666667;432.8333333333333;417.0;346.0;311.0
Horta;2004701;1053.0;1069.0;1055.0;1126.0;1198.0;1189.0;1118.0;1089.0;1020.0;1049.0;1031.0;976.0;971.0;890.0;825.0;854.0;850.0;728.0;745.0;712.0;704.0;708.0
Lagoa;2004201;1601.0;1419.0;1295.0;1282.0;1374.0;1379.0;1349.0;1356.0;1302.0;1298.0;1214.0;1090.0;1015.0;920.0;850.0;845.0;841.0;851.0;852.0;846.0;837.0;825.0
Lajes das Flores;2004801;549.0;549.0;549.0;549.0;549.0;549.0;668.0;590.0;579.0;597.0;580.0909090909091;563.1818181818181;546.2727272727273;529.3636363636364;512.4545454545455;495.5454545454545;478.6363636363636;461.72727272727275;444.8181818181818;427.9090909090909;411.0;411.0
Lajes do Pico;2004601;997.0;994.0;951.0;741.0;645.0;646.0;629.0;710.0;789.0;802.0;681.0;575.0;512.0;474.0;369.0;354.0;474.0;513.0;544.0;512.0;459.0;414.0
Madalena;2004602;1226.0;1220.0;1157.0;1109.0;839.0;765.0;732.0;701.0;699.0;676.0;690.0;719.0;719.0;719.0;675.0;713.0;651.0;582.0;544.0;553.0;500.0;550.0
Nordeste;2004202;799.0;866.0;882.0;856.0;887.0;805.0;739.0;735.0;713.0;615.0;542.0;526.0;500.0;537.0;486.0;540.0;620.0;475.0;484.0;458.0;429.0;441.0
Ponta Delgada;2004203;1747.0;1667.0;1602.0;1529.0;1507.0;1497.0;1440.0;1420.0;1353.0;1319.0;1313.0;1292.0;1291.0;1287.0;1262.0;1204.0;1150.0;1088.0;1073.0;1067.0;1067.0;1061.0
Povoaï¿½ï¿½o;2004204;1172.0;1164.0;1027.0;846.0;839.0;772.0;786.0;745.0;745.0;759.0;727.0;719.0;711.0;667.0;691.0;761.0;761.0;766.0;647.0;741.0;667.0;639.0
Ribeira Grande;2004205;959.0;849.0;1138.0;1120.0;1003.0;1000.0;963.0;973.0;984.0;985.0;985.0;923.0;845.0;810.0;768.0;757.0;752.0;763.0;719.0;719.0;693.0;673.0
Santa Cruz da Graciosa;2004401;387.0;369.0;292.0;271.0;270.0;322.0;329.0;332.0;354.0;264.0;259.0;242.0;248.0;250.0;271.0;291.0;267.75;244.5;221.25;198.0;211.0;249.0
Sï¿½o Roque do Pico;2004603;1116.0;1116.0;1207.0;1045.0;1022.0;1163.0;1143.0;1184.0;1182.0;1190.0;938.0;795.0;889.0;666.0;772.0;772.0;772.0;772.0;772.0;772.0;772.0;772.0
Velas;2004502;828.0;750.0;667.0;618.0;667.0;683.0;582.0;592.0;651.0;597.0;581.0;500.0;498.0;510.0;602.0;697.0;770.0;749.0;750.0;603.0;456.0;482.0
Vila da Praia da Vitï¿½ria;2004302;1115.0;1046.0;997.0;976.0;906.0;969.0;963.0;869.0;869.0;837.0;773.0;794.0;738.0;761.0;809.0;796.0;790.0;782.0;739.0;700.0;714.0;671.0
Vila do Porto;2004101;1219.0;1188.0;1306.0;1140.0;1029.0;1000.0;1099.0;1098.0;1111.0;1098.0;882.0;871.0;736.0;713.0;746.0;740.75;735.5;730.25;725.0;740.0;705.0;650.0
Vila Franca do Campo;2004206;1101.0;1154.0;1090.0;942.0;982.0;969.0;1027.0;1085.0;1085.0;1057.0;1063.0;897.0;829.0;821.0;782.0;813.0;821.0;829.0;834.0;827.0;807.0;782.0
Regiï¿½o Autï¿½noma da Madeira;3;2490.0;2395.0;2083.0;2023.0;1976.0;1889.0;1875.0;1689.0;1582.0;1571.0;1527.0;1506.0;1481.0;1436.0;1364.0;1343.0;1310.0;1303.0;1297.0;1273.0;1258.0;1214.0
Regiï¿½o Autï¿½noma da Madeira;30;2490.0;2395.0;2083.0;2023.0;1976.0;1889.0;1875.0;1689.0;1582.0;1571.0;1527.0;1506.0;1481.0;1436.0;1364.0;1343.0;1310.0;1303.0;1297.0;1273.0;1258.0;1214.0
Regiï¿½o Autï¿½noma da Madeira;300;2490.0;2395.0;2083.0;2023.0;1976.0;1889.0;1875.0;1689.0;1582.0;1571.0;1527.0;1506.0;1481.0;1436.0;1364.0;1343.0;1310.0;1303.0;1297.0;1273.0;1258.0;1214.0
Calheta;3003101;1413.0;1293.0;1276.0;1283.0;1376.0;1376.0;1354.0;1326.0;1276.0;1317.0;1317.0;1171.0;1131.0;1064.0;1005.0;1025.0;931.0;853.0;859.0;979.0;942.0;907.0
Cï¿½mara de Lobos;3003102;2476.0;2237.0;1829.0;1690.0;1651.0;1511.0;1497.0;1489.0;1483.0;1401.0;1325.0;1270.0;1130.0;1174.0;1175.0;1133.0;1183.0;1162.0;1136.0;1100.0;1044.0;1050.0
Funchal;3003103;3100.0;3061.0;2705.0;2636.0;2598.0;2500.0;2498.0;2345.0;2172.0;2109.0;1995.0;1919.0;1799.0;1750.0;1664.0;1658.0;1671.0;1685.0;1651.0;1613.0;1610.0;1543.0
Machico;3003104;1956.0;1908.0;1556.0;1476.0;1398.0;1236.0;1236.0;1236.0;1236.0;1290.0;1145.0;1167.0;1125.0;1025.0;986.0;976.0;1006.0;983.0;997.0;997.0;959.0;931.0
Ponta do Sol;3003105;1795.0;1429.0;1250.0;1297.0;1377.0;1446.0;1415.0;1361.0;1242.0;1198.0;1229.0;1229.0;1196.0;1060.0;1009.0;1020.0;1035.0;1044.0;1100.0;943.0;981.0;1111.0
Porto Moniz;3003106;996.0;1029.0;876.0;1098.0;945.0;803.0;850.0;795.0;761.0;707.0;725.0;704.0;703.0;813.0;813.0;813.0;813.0;813.0;813.0;813.0;813.0;813.0
Porto Santo;3003201;1998.0;1873.0;1783.0;1710.0;1655.0;1630.0;1556.0;1535.0;1441.0;1323.0;1269.0;1211.0;1169.0;1154.0;1107.0;1102.0;1168.0;1102.0;1064.0;1045.0;1055.0;1055.0
Ribeira Brava;3003107;1496.0;1467.0;1159.0;1133.0;1032.0;1088.0;1155.0;1167.0;1084.0;981.0;942.0;956.0;1132.0;1032.0;1019.0;926.0;858.0;911.0;861.0;896.0;909.0;625.0
Santa Cruz;3003108;2323.0;2269.0;2085.0;1895.0;1844.0;1798.0;1720.0;1479.0;1437.0;1416.0;1386.0;1412.0;1400.0;1346.0;1284.0;1261.0;1255.0;1227.0;1215.0;1163.0;1144.0;1130.0
Santana;3003109;1081.0;1023.0;1024.0;967.0;964.0;938.0;929.0;875.0;816.0;816.0;727.0;696.0;721.0;636.0;632.0;609.0;613.0;599.0;639.0;688.0;698.0;844.0
Sï¿½o Vicente;3003110;1035.0;1050.0;1205.0;1222.0;1143.0;1016.0;938.0;977.0;1032.0;1068.0;1074.0;1052.0;1073.0;937.0;877.0;750.0;807.0;864.0;963.0;1072.0;817.0;817.0
