municipality,year,< 5,5 - 19,20 - 34,35 - 54,55 - 64,> 65
Abrantes,2019,1078.0,4361.0,4136.0,9161.0,5522.0,10673.0
Abrantes,2020,1066.0,4211.0,4220.0,8859.0,5516.0,10686.0
Abrantes,2021,1016.0,4104.0,4245.0,8611.0,5474.0,10722.0
Abrantes,2022,1015.0,4016.0,4225.0,8512.0,5389.0,10701.0
Abrantes,2023,1003.0,3991.0,4429.0,8290.0,5360.0,10738.0
Aguiar da Beira,2019,124.0,551.0,584.0,1216.0,908.0,1989.0
Aguiar da Beira,2020,122.0,531.0,592.0,1141.0,893.0,2070.0
Aguiar da Beira,2021,130.0,514.0,639.0,1115.0,872.0,2044.0
Aguiar da Beira,2022,138.0,494.0,671.0,1139.0,827.0,2015.0
Aguiar da Beira,2023,139.0,515.0,702.0,1137.0,819.0,1990.0
Alandroal,2019,152.0,584.0,585.0,1344.0,804.0,1615.0
Alandroal,2020,144.0,586.0,566.0,1337.0,806.0,1597.0
Alandroal,2021,142.0,586.0,597.0,1333.0,809.0,1564.0
Alandroal,2022,135.0,585.0,605.0,1323.0,810.0,1551.0
Alandroal,2023,135.0,571.0,635.0,1291.0,824.0,1540.0
Albergaria-a-Velha,2019,1007.0,3635.0,3820.0,7429.0,3436.0,5518.0
Albergaria-a-Velha,2020,1025.0,3544.0,3934.0,7315.0,3525.0,5654.0
Albergaria-a-Velha,2021,1012.0,3510.0,4007.0,7292.0,3618.0,5762.0
Albergaria-a-Velha,2022,976.0,3492.0,4067.0,7254.0,3669.0,5866.0
Albergaria-a-Velha,2023,966.0,3538.0,4230.0,7305.0,3719.0,6021.0
Albufeira,2019,2107.0,6651.0,8219.0,13897.0,6171.0,7419.0
Albufeira,2020,2080.0,6515.0,7951.0,13663.0,6241.0,7935.0
Albufeira,2021,2107.0,6546.0,7796.0,13652.0,6340.0,8266.0
Albufeira,2022,2212.0,6866.0,8199.0,14062.0,6525.0,8649.0
Albufeira,2023,2346.0,7001.0,8317.0,14207.0,6648.0,9005.0
Alcanena,2019,455.0,1750.0,1579.0,3379.0,1883.0,3521.0
Alcanena,2020,447.0,1729.0,1603.0,3332.0,1879.0,3581.0
Alcanena,2021,417.0,1733.0,1628.0,3302.0,1867.0,3598.0
Alcanena,2022,416.0,1757.0,1653.0,3296.0,1840.0,3652.0
Alcanena,2023,416.0,1752.0,1742.0,3296.0,1843.0,3701.0
Alcobaça,2019,1985.0,7597.0,7976.0,15297.0,7856.0,13855.0
Alcobaça,2020,2054.0,7410.0,8370.0,15193.0,8034.0,14226.0
Alcobaça,2021,2047.0,7375.0,8598.0,15091.0,8156.0,14468.0
Alcobaça,2022,2121.0,7316.0,8832.0,15118.0,8242.0,14710.0
Alcobaça,2023,2184.0,7319.0,9262.0,15166.0,8398.0,15029.0
Alcochete,2019,888.0,3592.0,2675.0,6383.0,2148.0,3297.0
Alcochete,2020,871.0,3572.0,2777.0,6415.0,2241.0,3406.0
Alcochete,2021,837.0,3557.0,2854.0,6386.0,2336.0,3498.0
Alcochete,2022,824.0,3574.0,2969.0,6385.0,2490.0,3581.0
Alcochete,2023,825.0,3558.0,3100.0,6351.0,2610.0,3657.0
Alcoutim,2019,52.0,201.0,246.0,496.0,354.0,1238.0
Alcoutim,2020,51.0,191.0,257.0,487.0,352.0,1206.0
Alcoutim,2021,48.0,190.0,275.0,474.0,352.0,1173.0
Alcoutim,2022,45.0,184.0,298.0,453.0,343.0,1135.0
Alcoutim,2023,42.0,184.0,301.0,437.0,334.0,1115.0
Alcácer do Sal,2019,364.0,1475.0,1368.0,2908.0,1789.0,3485.0
Alcácer do Sal,2020,352.0,1449.0,1351.0,2845.0,1738.0,3511.0
Alcácer do Sal,2021,348.0,1427.0,1371.0,2801.0,1676.0,3492.0
Alcácer do Sal,2022,368.0,1395.0,1389.0,2764.0,1635.0,3505.0
Alcácer do Sal,2023,380.0,1378.0,1414.0,2757.0,1579.0,3574.0
Alenquer,2019,2172.0,7110.0,6937.0,13377.0,5418.0,8725.0
Alenquer,2020,2158.0,7212.0,7213.0,13594.0,5526.0,8997.0
Alenquer,2021,2174.0,7339.0,7571.0,13814.0,5769.0,9229.0
Alenquer,2022,2150.0,7443.0,7835.0,14103.0,5908.0,9480.0
Alenquer,2023,2184.0,7570.0,8289.0,14436.0,6101.0,9739.0
Alfândega da Fé,2019,124.0,429.0,539.0,939.0,771.0,1625.0
Alfândega da Fé,2020,122.0,408.0,542.0,890.0,754.0,1630.0
Alfândega da Fé,2021,123.0,388.0,544.0,862.0,761.0,1593.0
Alfândega da Fé,2022,129.0,384.0,557.0,857.0,718.0,1600.0
Alfândega da Fé,2023,119.0,390.0,555.0,859.0,698.0,1601.0
Alijó,2019,303.0,1162.0,1327.0,2618.0,1780.0,3399.0
Alijó,2020,309.0,1127.0,1337.0,2557.0,1800.0,3419.0
Alijó,2021,286.0,1119.0,1326.0,2483.0,1786.0,3441.0
Alijó,2022,273.0,1097.0,1318.0,2438.0,1735.0,3501.0
Alijó,2023,285.0,1064.0,1341.0,2419.0,1714.0,3501.0
Aljezur,2019,254.0,765.0,781.0,1681.0,854.0,1574.0
Aljezur,2020,264.0,769.0,856.0,1728.0,872.0,1625.0
Aljezur,2021,257.0,805.0,862.0,1723.0,878.0,1636.0
Aljezur,2022,275.0,850.0,853.0,1763.0,880.0,1637.0
Aljezur,2023,277.0,893.0,865.0,1767.0,893.0,1667.0
Aljustrel,2019,347.0,1104.0,1235.0,2303.0,1425.0,2453.0
Aljustrel,2020,363.0,1088.0,1265.0,2308.0,1379.0,2506.0
Aljustrel,2021,367.0,1082.0,1286.0,2282.0,1368.0,2523.0
Aljustrel,2022,364.0,1112.0,1278.0,2268.0,1334.0,2551.0
Aljustrel,2023,360.0,1128.0,1278.0,2280.0,1311.0,2565.0
Almada,2019,7926.0,26653.0,29118.0,49842.0,22936.0,41332.0
Almada,2020,7856.0,26251.0,29177.0,49654.0,23117.0,42060.0
Almada,2021,7753.0,26022.0,28995.0,49204.0,23188.0,42809.0
Almada,2022,8008.0,25944.0,29325.0,49286.0,23361.0,43447.0
Almada,2023,8263.0,26067.0,29553.0,49689.0,23411.0,44249.0
Almeida,2019,113.0,453.0,578.0,1200.0,1007.0,2605.0
Almeida,2020,110.0,434.0,595.0,1162.0,994.0,2584.0
Almeida,2021,98.0,416.0,632.0,1124.0,965.0,2549.0
Almeida,2022,98.0,411.0,636.0,1099.0,936.0,2517.0
Almeida,2023,96.0,401.0,659.0,1099.0,897.0,2524.0
Almeirim,2019,897.0,3344.0,2994.0,6354.0,2850.0,5639.0
Almeirim,2020,871.0,3311.0,3084.0,6306.0,2893.0,5689.0
Almeirim,2021,852.0,3284.0,3211.0,6331.0,2949.0,5699.0
Almeirim,2022,857.0,3312.0,3296.0,6347.0,3026.0,5752.0
Almeirim,2023,882.0,3318.0,3423.0,6363.0,3038.0,5796.0
Almodôvar,2019,236.0,803.0,842.0,1733.0,983.0,2166.0
Almodôvar,2020,246.0,814.0,845.0,1719.0,945.0,2181.0
Almodôvar,2021,255.0,805.0,887.0,1674.0,981.0,2164.0
Almodôvar,2022,249.0,803.0,885.0,1649.0,962.0,2141.0
Almodôvar,2023,229.0,807.0,908.0,1663.0,934.0,2153.0
Alpiarça,2019,262.0,1019.0,821.0,1839.0,917.0,2043.0
Alpiarça,2020,262.0,994.0,897.0,1847.0,944.0,2033.0
Alpiarça,2021,257.0,999.0,962.0,1871.0,964.0,2039.0
Alpiarça,2022,256.0,1038.0,1031.0,1863.0,978.0,2047.0
Alpiarça,2023,255.0,1045.0,1108.0,1880.0,984.0,2059.0
Alter do Chão,2019,99.0,392.0,358.0,683.0,477.0,1094.0
Alter do Chão,2020,106.0,396.0,349.0,681.0,474.0,1088.0
Alter do Chão,2021,107.0,407.0,392.0,693.0,483.0,1049.0
Alter do Chão,2022,108.0,410.0,421.0,727.0,473.0,1025.0
Alter do Chão,2023,107.0,406.0,451.0,746.0,464.0,1006.0
Alvaiázere,2019,168.0,673.0,722.0,1389.0,1018.0,2310.0
Alvaiázere,2020,151.0,668.0,734.0,1363.0,1034.0,2337.0
Alvaiázere,2021,161.0,662.0,759.0,1353.0,1033.0,2342.0
Alvaiázere,2022,158.0,642.0,790.0,1347.0,1016.0,2337.0
Alvaiázere,2023,162.0,662.0,828.0,1365.0,1022.0,2316.0
Alvito,2019,94.0,325.0,277.0,549.0,328.0,675.0
Alvito,2020,98.0,326.0,290.0,566.0,315.0,689.0
Alvito,2021,93.0,338.0,300.0,583.0,328.0,656.0
Alvito,2022,95.0,319.0,319.0,577.0,322.0,631.0
Alvito,2023,86.0,318.0,353.0,585.0,305.0,632.0
Amadora,2019,8816.0,25589.0,32781.0,47799.0,20991.0,37438.0
Amadora,2020,8717.0,24870.0,32292.0,47450.0,20927.0,37967.0
Amadora,2021,8761.0,24907.0,31949.0,47704.0,21064.0,38771.0
Amadora,2022,8995.0,25180.0,31715.0,48288.0,21333.0,39596.0
Amadora,2023,9331.0,25684.0,31881.0,49221.0,21547.0,40589.0
Amarante,2019,1856.0,7684.0,8269.0,15211.0,8198.0,11101.0
Amarante,2020,1876.0,7411.0,8407.0,14914.0,8285.0,11456.0
Amarante,2021,1797.0,7179.0,8357.0,14542.0,8370.0,11816.0
Amarante,2022,1787.0,6968.0,8441.0,14271.0,8445.0,12160.0
Amarante,2023,1755.0,6800.0,8617.0,14047.0,8489.0,12527.0
Amares,2019,746.0,2822.0,3080.0,5440.0,2554.0,3831.0
Amares,2020,780.0,2746.0,3149.0,5430.0,2593.0,3964.0
Amares,2021,769.0,2737.0,3174.0,5464.0,2631.0,4090.0
Amares,2022,748.0,2719.0,3306.0,5512.0,2660.0,4272.0
Amares,2023,748.0,2713.0,3432.0,5538.0,2743.0,4404.0
Anadia,2019,923.0,3412.0,3701.0,7391.0,4115.0,7994.0
Anadia,2020,946.0,3339.0,3863.0,7296.0,4134.0,8113.0
Anadia,2021,945.0,3289.0,4000.0,7236.0,4181.0,8222.0
Anadia,2022,917.0,3284.0,4046.0,7165.0,4171.0,8293.0
Anadia,2023,916.0,3279.0,4239.0,7165.0,4180.0,8426.0
Angra do Heroísmo,2019,1421.0,5179.0,6129.0,10107.0,4741.0,6353.0
Angra do Heroísmo,2020,1439.0,5049.0,6115.0,10082.0,4791.0,6460.0
Angra do Heroísmo,2021,1407.0,4980.0,5985.0,10077.0,4829.0,6632.0
Angra do Heroísmo,2022,1422.0,4888.0,5893.0,10128.0,4881.0,6699.0
Angra do Heroísmo,2023,1381.0,4780.0,5836.0,10093.0,4847.0,6849.0
Ansião,2019,339.0,1474.0,1433.0,3002.0,1749.0,3724.0
Ansião,2020,350.0,1410.0,1518.0,2924.0,1763.0,3783.0
Ansião,2021,353.0,1374.0,1543.0,2876.0,1770.0,3795.0
Ansião,2022,360.0,1340.0,1559.0,2857.0,1795.0,3794.0
Ansião,2023,356.0,1356.0,1645.0,2861.0,1789.0,3858.0
Arcos de Valdevez,2019,573.0,2361.0,2512.0,4915.0,3148.0,7328.0
Arcos de Valdevez,2020,587.0,2275.0,2578.0,4866.0,3070.0,7438.0
Arcos de Valdevez,2021,567.0,2245.0,2610.0,4801.0,2996.0,7474.0
Arcos de Valdevez,2022,577.0,2196.0,2685.0,4811.0,2900.0,7544.0
Arcos de Valdevez,2023,583.0,2202.0,2804.0,4844.0,2838.0,7588.0
Arganil,2019,388.0,1226.0,1332.0,2729.0,1811.0,3645.0
Arganil,2020,372.0,1223.0,1341.0,2714.0,1826.0,3704.0
Arganil,2021,366.0,1218.0,1385.0,2675.0,1820.0,3704.0
Arganil,2022,364.0,1195.0,1422.0,2648.0,1798.0,3714.0
Arganil,2023,337.0,1273.0,1514.0,2691.0,1751.0,3747.0
Armamar,2019,176.0,704.0,721.0,1435.0,979.0,1712.0
Armamar,2020,175.0,677.0,742.0,1403.0,995.0,1747.0
Armamar,2021,162.0,664.0,782.0,1366.0,1013.0,1740.0
Armamar,2022,144.0,643.0,821.0,1362.0,991.0,1732.0
Armamar,2023,130.0,618.0,851.0,1332.0,984.0,1735.0
Arouca,2019,796.0,3175.0,3307.0,5996.0,3174.0,4842.0
Arouca,2020,793.0,3083.0,3278.0,5934.0,3188.0,4965.0
Arouca,2021,725.0,3041.0,3205.0,5805.0,3171.0,5093.0
Arouca,2022,718.0,2961.0,3204.0,5689.0,3173.0,5197.0
Arouca,2023,702.0,2903.0,3220.0,5604.0,3152.0,5335.0
Arraiolos,2019,241.0,807.0,850.0,1851.0,958.0,1927.0
Arraiolos,2020,248.0,799.0,853.0,1831.0,981.0,1931.0
Arraiolos,2021,244.0,836.0,893.0,1828.0,1004.0,1911.0
Arraiolos,2022,241.0,849.0,924.0,1829.0,1022.0,1879.0
Arraiolos,2023,231.0,869.0,958.0,1853.0,1002.0,1865.0
Arronches,2019,112.0,316.0,362.0,763.0,387.0,926.0
Arronches,2020,104.0,312.0,359.0,754.0,409.0,882.0
Arronches,2021,95.0,321.0,353.0,741.0,418.0,859.0
Arronches,2022,91.0,328.0,371.0,730.0,414.0,842.0
Arronches,2023,90.0,325.0,386.0,727.0,412.0,828.0
Arruda dos Vinhos,2019,658.0,2528.0,1931.0,4475.0,1580.0,2628.0
Arruda dos Vinhos,2020,661.0,2541.0,1981.0,4505.0,1646.0,2745.0
Arruda dos Vinhos,2021,634.0,2623.0,2106.0,4558.0,1753.0,2757.0
Arruda dos Vinhos,2022,690.0,2626.0,2296.0,4615.0,1870.0,2813.0
Arruda dos Vinhos,2023,669.0,2662.0,2456.0,4691.0,1964.0,2879.0
Aveiro,2019,3526.0,11683.0,14319.0,24487.0,11275.0,16280.0
Aveiro,2020,3517.0,11278.0,14117.0,24222.0,11319.0,16868.0
Aveiro,2021,3486.0,11311.0,14381.0,24405.0,11469.0,17538.0
Aveiro,2022,3473.0,11409.0,14504.0,24735.0,11453.0,18227.0
Aveiro,2023,3500.0,11658.0,15055.0,25297.0,11629.0,18898.0
Avis,2019,152.0,432.0,447.0,953.0,583.0,1264.0
Avis,2020,135.0,453.0,479.0,932.0,568.0,1256.0
Avis,2021,134.0,449.0,507.0,944.0,557.0,1235.0
Avis,2022,136.0,454.0,498.0,923.0,543.0,1230.0
Avis,2023,125.0,441.0,539.0,920.0,541.0,1236.0
Azambuja,2019,870.0,3082.0,3316.0,6366.0,2744.0,4964.0
Azambuja,2020,894.0,3080.0,3317.0,6386.0,2818.0,5040.0
Azambuja,2021,897.0,3123.0,3450.0,6469.0,2904.0,5141.0
Azambuja,2022,898.0,3168.0,3555.0,6588.0,2944.0,5210.0
Azambuja,2023,923.0,3246.0,3701.0,6746.0,3012.0,5304.0
Baião,2019,624.0,2510.0,2761.0,5173.0,2786.0,3966.0
Baião,2020,622.0,2386.0,2750.0,5042.0,2840.0,4030.0
Baião,2021,562.0,2299.0,2727.0,4860.0,2914.0,4074.0
Baião,2022,511.0,2234.0,2690.0,4746.0,2942.0,4155.0
Baião,2023,494.0,2150.0,2745.0,4642.0,2971.0,4199.0
Barcelos,2019,4686.0,17713.0,20372.0,35825.0,16343.0,21993.0
Barcelos,2020,4687.0,17119.0,20656.0,35256.0,16743.0,22789.0
Barcelos,2021,4471.0,16586.0,20507.0,34594.0,16980.0,23505.0
Barcelos,2022,4396.0,16190.0,20469.0,34087.0,17271.0,24271.0
Barcelos,2023,4218.0,15972.0,20558.0,33706.0,17517.0,25034.0
Barrancos,2019,59.0,233.0,208.0,455.0,210.0,381.0
Barrancos,2020,57.0,228.0,206.0,443.0,218.0,384.0
Barrancos,2021,59.0,215.0,204.0,421.0,235.0,364.0
Barrancos,2022,60.0,209.0,205.0,376.0,265.0,342.0
Barrancos,2023,53.0,203.0,212.0,358.0,276.0,328.0
Barreiro,2019,3367.0,11691.0,12187.0,22066.0,9610.0,19873.0
Barreiro,2020,3359.0,11474.0,12456.0,21922.0,9613.0,19993.0
Barreiro,2021,3349.0,11367.0,12462.0,21746.0,9632.0,20150.0
Barreiro,2022,3417.0,11264.0,12533.0,21762.0,9678.0,20352.0
Barreiro,2023,3618.0,11297.0,12814.0,21938.0,9784.0,20515.0
Batalha,2019,694.0,2341.0,2358.0,4446.0,2170.0,3435.0
Batalha,2020,716.0,2338.0,2383.0,4457.0,2168.0,3542.0
Batalha,2021,691.0,2341.0,2480.0,4453.0,2245.0,3625.0
Batalha,2022,672.0,2400.0,2580.0,4499.0,2243.0,3739.0
Batalha,2023,693.0,2462.0,2684.0,4560.0,2273.0,3893.0
Beja,2019,1559.0,5177.0,5127.0,9595.0,4602.0,7859.0
Beja,2020,1554.0,5054.0,5038.0,9478.0,4641.0,7844.0
Beja,2021,1523.0,5103.0,5082.0,9362.0,4734.0,7840.0
Beja,2022,1538.0,5088.0,5116.0,9288.0,4770.0,7817.0
Beja,2023,1577.0,5104.0,5231.0,9285.0,4740.0,7901.0
Belmonte,2019,208.0,689.0,788.0,1545.0,1021.0,1907.0
Belmonte,2020,217.0,662.0,793.0,1519.0,1044.0,1945.0
Belmonte,2021,192.0,687.0,795.0,1532.0,1008.0,1991.0
Belmonte,2022,194.0,672.0,796.0,1538.0,971.0,2007.0
Belmonte,2023,184.0,696.0,826.0,1544.0,945.0,2021.0
Benavente,2019,1343.0,5024.0,4534.0,8889.0,3640.0,5720.0
Benavente,2020,1410.0,5024.0,4736.0,8996.0,3804.0,5906.0
Benavente,2021,1390.0,5073.0,5096.0,9150.0,3959.0,6080.0
Benavente,2022,1448.0,5127.0,5328.0,9330.0,4102.0,6260.0
Benavente,2023,1445.0,5209.0,5535.0,9493.0,4202.0,6439.0
Bombarral,2019,475.0,1684.0,1735.0,3365.0,1786.0,3408.0
Bombarral,2020,523.0,1702.0,1820.0,3446.0,1818.0,3534.0
Bombarral,2021,549.0,1749.0,1959.0,3532.0,1836.0,3608.0
Bombarral,2022,557.0,1812.0,2061.0,3574.0,1864.0,3681.0
Bombarral,2023,553.0,1854.0,2222.0,3702.0,1913.0,3746.0
Borba,2019,244.0,811.0,775.0,1810.0,966.0,1897.0
Borba,2020,246.0,813.0,807.0,1747.0,1012.0,1862.0
Borba,2021,259.0,800.0,823.0,1692.0,1049.0,1840.0
Borba,2022,246.0,799.0,830.0,1633.0,1068.0,1827.0
Borba,2023,232.0,807.0,856.0,1608.0,1056.0,1839.0
Boticas,2019,136.0,514.0,526.0,1227.0,873.0,1816.0
Boticas,2020,133.0,510.0,521.0,1177.0,851.0,1822.0
Boticas,2021,135.0,495.0,501.0,1141.0,813.0,1849.0
Boticas,2022,131.0,494.0,502.0,1112.0,791.0,1869.0
Boticas,2023,129.0,480.0,521.0,1116.0,750.0,1889.0
Braga,2019,8914.0,30094.0,34892.0,59837.0,26032.0,32913.0
Braga,2020,8896.0,29403.0,34750.0,59492.0,26705.0,34656.0
Braga,2021,8650.0,29118.0,34712.0,59100.0,27305.0,36389.0
Braga,2022,8607.0,29071.0,35182.0,59489.0,27845.0,38061.0
Braga,2023,8495.0,29193.0,35825.0,59947.0,28459.0,39664.0
Bragança,2019,1249.0,4316.0,5536.0,9232.0,5100.0,9554.0
Bragança,2020,1286.0,4131.0,5507.0,9119.0,5038.0,9679.0
Bragança,2021,1266.0,4010.0,5576.0,9059.0,4969.0,9857.0
Bragança,2022,1268.0,4027.0,5701.0,9057.0,4975.0,10008.0
Bragança,2023,1274.0,4080.0,5835.0,9156.0,4962.0,10118.0
Cabeceiras de Basto,2019,560.0,2396.0,2546.0,4358.0,2363.0,3390.0
Cabeceiras de Basto,2020,529.0,2365.0,2546.0,4294.0,2412.0,3494.0
Cabeceiras de Basto,2021,518.0,2303.0,2509.0,4210.0,2389.0,3601.0
Cabeceiras de Basto,2022,500.0,2229.0,2561.0,4184.0,2336.0,3699.0
Cabeceiras de Basto,2023,493.0,2175.0,2637.0,4149.0,2335.0,3771.0
Cadaval,2019,443.0,1782.0,1612.0,3549.0,1889.0,3945.0
Cadaval,2020,448.0,1798.0,1709.0,3594.0,1900.0,4051.0
Cadaval,2021,463.0,1810.0,1899.0,3660.0,1908.0,4100.0
Cadaval,2022,474.0,1855.0,2005.0,3705.0,1904.0,4125.0
Cadaval,2023,487.0,1887.0,2152.0,3791.0,1924.0,4194.0
Caldas da Rainha,2019,1895.0,7246.0,7450.0,14213.0,7359.0,12706.0
Caldas da Rainha,2020,1889.0,7085.0,7586.0,14110.0,7493.0,13074.0
Caldas da Rainha,2021,1862.0,7118.0,7927.0,14142.0,7514.0,13411.0
Caldas da Rainha,2022,1902.0,7181.0,8210.0,14225.0,7545.0,13676.0
Caldas da Rainha,2023,1959.0,7233.0,8790.0,14489.0,7667.0,14007.0
Calheta [R.A.A.],2019,133.0,528.0,525.0,992.0,478.0,819.0
Calheta [R.A.A.],2020,131.0,525.0,530.0,978.0,492.0,826.0
Calheta [R.A.A.],2021,126.0,523.0,541.0,985.0,485.0,857.0
Calheta [R.A.A.],2022,135.0,505.0,563.0,982.0,480.0,849.0
Calheta [R.A.A.],2023,129.0,490.0,569.0,975.0,490.0,841.0
Calheta [R.A.M.],2019,374.0,1568.0,1418.0,3146.0,1634.0,2663.0
Calheta [R.A.M.],2020,385.0,1527.0,1498.0,3086.0,1710.0,2773.0
Calheta [R.A.M.],2021,377.0,1494.0,1527.0,3015.0,1731.0,2824.0
Calheta [R.A.M.],2022,365.0,1464.0,1570.0,2997.0,1757.0,2822.0
Calheta [R.A.M.],2023,370.0,1471.0,1666.0,3014.0,1783.0,2858.0
Caminha,2019,548.0,1924.0,2144.0,4219.0,2435.0,4573.0
Caminha,2020,555.0,1888.0,2159.0,4193.0,2436.0,4652.0
Caminha,2021,545.0,1876.0,2215.0,4140.0,2413.0,4761.0
Caminha,2022,563.0,1881.0,2269.0,4209.0,2446.0,4838.0
Caminha,2023,537.0,1939.0,2350.0,4246.0,2409.0,4961.0
Campo Maior,2019,332.0,1344.0,1237.0,2281.0,1022.0,1952.0
Campo Maior,2020,340.0,1332.0,1239.0,2277.0,988.0,1939.0
Campo Maior,2021,346.0,1304.0,1216.0,2236.0,1010.0,1919.0
Campo Maior,2022,337.0,1276.0,1227.0,2196.0,1023.0,1897.0
Campo Maior,2023,323.0,1250.0,1259.0,2149.0,1042.0,1893.0
Cantanhede,2019,1249.0,4322.0,4516.0,9181.0,4907.0,10270.0
Cantanhede,2020,1270.0,4248.0,4600.0,9073.0,4872.0,10366.0
Cantanhede,2021,1245.0,4213.0,4628.0,8967.0,4870.0,10468.0
Cantanhede,2022,1255.0,4207.0,4666.0,8943.0,4842.0,10533.0
Cantanhede,2023,1228.0,4296.0,4891.0,9010.0,4823.0,10668.0
Carrazeda de Ansiães,2019,172.0,567.0,626.0,1311.0,910.0,2015.0
Carrazeda de Ansiães,2020,159.0,552.0,620.0,1264.0,880.0,2040.0
Carrazeda de Ansiães,2021,139.0,547.0,613.0,1227.0,847.0,2052.0
Carrazeda de Ansiães,2022,133.0,542.0,624.0,1223.0,807.0,2067.0
Carrazeda de Ansiães,2023,120.0,546.0,640.0,1214.0,796.0,2074.0
Carregal do Sal,2019,314.0,1200.0,1177.0,2275.0,1334.0,2825.0
Carregal do Sal,2020,321.0,1183.0,1162.0,2241.0,1335.0,2857.0
Carregal do Sal,2021,305.0,1171.0,1186.0,2204.0,1333.0,2887.0
Carregal do Sal,2022,309.0,1137.0,1220.0,2165.0,1315.0,2932.0
Carregal do Sal,2023,296.0,1154.0,1287.0,2161.0,1327.0,2952.0
Cartaxo,2019,930.0,3307.0,3207.0,6621.0,3247.0,5669.0
Cartaxo,2020,941.0,3303.0,3291.0,6683.0,3263.0,5839.0
Cartaxo,2021,933.0,3281.0,3509.0,6743.0,3304.0,5937.0
Cartaxo,2022,946.0,3296.0,3612.0,6800.0,3307.0,6036.0
Cartaxo,2023,939.0,3315.0,3802.0,6849.0,3344.0,6110.0
Cascais,2019,9641.0,35541.0,31420.0,63815.0,27772.0,46692.0
Cascais,2020,9234.0,34952.0,31520.0,62849.0,28276.0,48217.0
Cascais,2021,8831.0,34542.0,31281.0,61379.0,28695.0,49148.0
Cascais,2022,8828.0,34729.0,32540.0,61519.0,29414.0,50196.0
Cascais,2023,8732.0,34540.0,33791.0,61299.0,30149.0,51125.0
Castanheira de Pêra,2019,46.0,286.0,318.0,590.0,471.0,1005.0
Castanheira de Pêra,2020,46.0,279.0,331.0,553.0,473.0,1006.0
Castanheira de Pêra,2021,52.0,260.0,362.0,560.0,456.0,1004.0
Castanheira de Pêra,2022,49.0,253.0,372.0,561.0,448.0,999.0
Castanheira de Pêra,2023,48.0,244.0,407.0,573.0,434.0,1004.0
Castelo Branco,2019,1890.0,6775.0,7187.0,14351.0,7816.0,14754.0
Castelo Branco,2020,1856.0,6707.0,7163.0,14281.0,7768.0,14819.0
Castelo Branco,2021,1842.0,6594.0,7218.0,14105.0,7754.0,14959.0
Castelo Branco,2022,1856.0,6610.0,7268.0,13950.0,7713.0,15103.0
Castelo Branco,2023,1844.0,6685.0,7494.0,13974.0,7637.0,15279.0
Castelo de Paiva,2019,547.0,2399.0,2559.0,4717.0,2363.0,3077.0
Castelo de Paiva,2020,527.0,2285.0,2596.0,4616.0,2366.0,3209.0
Castelo de Paiva,2021,502.0,2193.0,2602.0,4446.0,2431.0,3276.0
Castelo de Paiva,2022,480.0,2116.0,2611.0,4330.0,2498.0,3357.0
Castelo de Paiva,2023,475.0,2040.0,2710.0,4225.0,2547.0,3451.0
Castelo de Vide,2019,106.0,305.0,360.0,791.0,476.0,1104.0
Castelo de Vide,2020,107.0,308.0,357.0,791.0,480.0,1150.0
Castelo de Vide,2021,103.0,303.0,396.0,800.0,485.0,1115.0
Castelo de Vide,2022,98.0,319.0,408.0,794.0,484.0,1107.0
Castelo de Vide,2023,92.0,338.0,396.0,795.0,476.0,1100.0
Castro Daire,2019,401.0,1724.0,1690.0,3466.0,2193.0,4379.0
Castro Daire,2020,380.0,1652.0,1736.0,3388.0,2230.0,4410.0
Castro Daire,2021,369.0,1614.0,1742.0,3298.0,2184.0,4476.0
Castro Daire,2022,352.0,1569.0,1785.0,3245.0,2158.0,4513.0
Castro Daire,2023,349.0,1520.0,1922.0,3216.0,2154.0,4571.0
Castro Marim,2019,233.0,773.0,802.0,1589.0,976.0,2061.0
Castro Marim,2020,257.0,754.0,846.0,1566.0,981.0,2087.0
Castro Marim,2021,254.0,767.0,900.0,1573.0,970.0,2114.0
Castro Marim,2022,268.0,799.0,938.0,1597.0,974.0,2134.0
Castro Marim,2023,265.0,823.0,980.0,1621.0,970.0,2160.0
Castro Verde,2019,292.0,943.0,917.0,1910.0,1076.0,1859.0
Castro Verde,2020,283.0,904.0,923.0,1882.0,1065.0,1860.0
Castro Verde,2021,283.0,882.0,966.0,1847.0,1086.0,1870.0
Castro Verde,2022,276.0,890.0,990.0,1814.0,1108.0,1879.0
Castro Verde,2023,264.0,884.0,1023.0,1840.0,1094.0,1860.0
Celorico da Beira,2019,173.0,789.0,718.0,1627.0,1082.0,2271.0
Celorico da Beira,2020,194.0,745.0,745.0,1583.0,1059.0,2300.0
Celorico da Beira,2021,178.0,737.0,761.0,1538.0,1041.0,2310.0
Celorico da Beira,2022,194.0,706.0,772.0,1529.0,989.0,2348.0
Celorico da Beira,2023,186.0,708.0,837.0,1517.0,975.0,2382.0
Celorico de Basto,2019,649.0,2515.0,2758.0,4882.0,2838.0,4074.0
Celorico de Basto,2020,642.0,2455.0,2785.0,4860.0,2812.0,4201.0
Celorico de Basto,2021,587.0,2420.0,2748.0,4795.0,2794.0,4288.0
Celorico de Basto,2022,568.0,2330.0,2792.0,4709.0,2805.0,4371.0
Celorico de Basto,2023,532.0,2323.0,2853.0,4676.0,2816.0,4455.0
Chamusca,2019,283.0,1024.0,1031.0,2202.0,1375.0,2711.0
Chamusca,2020,278.0,1014.0,1051.0,2183.0,1366.0,2675.0
Chamusca,2021,271.0,999.0,1072.0,2179.0,1338.0,2683.0
Chamusca,2022,274.0,997.0,1099.0,2188.0,1311.0,2691.0
Chamusca,2023,277.0,991.0,1112.0,2196.0,1268.0,2687.0
Chaves,2019,1197.0,4458.0,4596.0,9593.0,6164.0,11770.0
Chaves,2020,1218.0,4342.0,4654.0,9419.0,6138.0,11969.0
Chaves,2021,1124.0,4285.0,4583.0,9174.0,6022.0,12238.0
Chaves,2022,1053.0,4245.0,4664.0,9016.0,5892.0,12456.0
Chaves,2023,1018.0,4158.0,4847.0,8958.0,5818.0,12620.0
Cinfães,2019,643.0,2538.0,2595.0,5073.0,2709.0,4419.0
Cinfães,2020,655.0,2439.0,2576.0,4952.0,2726.0,4490.0
Cinfães,2021,627.0,2374.0,2585.0,4793.0,2775.0,4546.0
Cinfães,2022,607.0,2258.0,2628.0,4669.0,2788.0,4610.0
Cinfães,2023,553.0,2191.0,2677.0,4556.0,2776.0,4679.0
Coimbra,2019,5614.0,18426.0,23596.0,40194.0,20305.0,34746.0
Coimbra,2020,5493.0,18019.0,22691.0,39549.0,20418.0,35394.0
Coimbra,2021,5428.0,17822.0,22792.0,39105.0,20512.0,36230.0
Coimbra,2022,5417.0,17836.0,23037.0,38880.0,20686.0,36957.0
Coimbra,2023,5457.0,17991.0,23580.0,39141.0,20787.0,37866.0
Condeixa-a-Nova,2019,716.0,2558.0,2240.0,5350.0,2115.0,3796.0
Condeixa-a-Nova,2020,699.0,2490.0,2319.0,5283.0,2204.0,3821.0
Condeixa-a-Nova,2021,674.0,2521.0,2352.0,5254.0,2291.0,3902.0
Condeixa-a-Nova,2022,652.0,2565.0,2426.0,5218.0,2375.0,3968.0
Condeixa-a-Nova,2023,669.0,2579.0,2568.0,5217.0,2496.0,4026.0
Constância,2019,146.0,597.0,471.0,1097.0,561.0,944.0
Constância,2020,148.0,573.0,471.0,1081.0,563.0,953.0
Constância,2021,141.0,565.0,500.0,1097.0,557.0,962.0
Constância,2022,145.0,562.0,536.0,1113.0,553.0,968.0
Constância,2023,141.0,566.0,575.0,1132.0,561.0,983.0
Coruche,2019,600.0,2136.0,1956.0,4408.0,2696.0,5815.0
Coruche,2020,596.0,2103.0,2006.0,4300.0,2697.0,5800.0
Coruche,2021,601.0,2091.0,2077.0,4223.0,2705.0,5755.0
Coruche,2022,584.0,2081.0,2151.0,4154.0,2652.0,5751.0
Coruche,2023,585.0,2083.0,2215.0,4102.0,2647.0,5733.0
Corvo,2019,10.0,49.0,56.0,136.0,53.0,76.0
Corvo,2020,10.0,47.0,60.0,141.0,56.0,75.0
Corvo,2021,15.0,51.0,67.0,147.0,58.0,75.0
Corvo,2022,18.0,55.0,71.0,154.0,57.0,79.0
Corvo,2023,14.0,57.0,72.0,153.0,58.0,81.0
Covilhã,2019,1523.0,5764.0,6568.0,12430.0,7283.0,13547.0
Covilhã,2020,1521.0,5595.0,6415.0,12226.0,7200.0,13753.0
Covilhã,2021,1482.0,5449.0,6444.0,11969.0,7045.0,13996.0
Covilhã,2022,1452.0,5344.0,6465.0,11752.0,6936.0,14132.0
Covilhã,2023,1481.0,5324.0,6618.0,11754.0,6908.0,14290.0
Crato,2019,94.0,305.0,299.0,773.0,486.0,1316.0
Crato,2020,100.0,311.0,307.0,754.0,488.0,1300.0
Crato,2021,92.0,316.0,340.0,761.0,486.0,1249.0
Crato,2022,95.0,305.0,392.0,753.0,480.0,1237.0
Crato,2023,92.0,320.0,419.0,763.0,486.0,1195.0
Cuba,2019,169.0,613.0,602.0,1191.0,621.0,1208.0
Cuba,2020,186.0,608.0,619.0,1167.0,641.0,1180.0
Cuba,2021,187.0,599.0,666.0,1181.0,650.0,1127.0
Cuba,2022,181.0,622.0,676.0,1190.0,662.0,1117.0
Cuba,2023,188.0,627.0,691.0,1214.0,659.0,1092.0
Câmara de Lobos,2019,1572.0,5773.0,5955.0,9974.0,4303.0,4532.0
Câmara de Lobos,2020,1633.0,5562.0,6052.0,9840.0,4434.0,4789.0
Câmara de Lobos,2021,1545.0,5431.0,6127.0,9741.0,4556.0,4949.0
Câmara de Lobos,2022,1520.0,5288.0,6201.0,9634.0,4688.0,5091.0
Câmara de Lobos,2023,1474.0,5227.0,6338.0,9636.0,4843.0,5268.0
Elvas,2019,942.0,3211.0,3081.0,5578.0,3096.0,5080.0
Elvas,2020,911.0,3172.0,3076.0,5527.0,3108.0,5071.0
Elvas,2021,909.0,3115.0,3031.0,5431.0,3131.0,5016.0
Elvas,2022,872.0,3084.0,3033.0,5333.0,3116.0,5014.0
Elvas,2023,799.0,3089.0,3107.0,5222.0,3091.0,5104.0
Entroncamento,2019,938.0,3288.0,2955.0,5928.0,2776.0,4100.0
Entroncamento,2020,936.0,3231.0,3068.0,5889.0,2925.0,4190.0
Entroncamento,2021,921.0,3288.0,3291.0,6029.0,2996.0,4362.0
Entroncamento,2022,912.0,3323.0,3436.0,6108.0,3086.0,4481.0
Entroncamento,2023,940.0,3387.0,3659.0,6231.0,3157.0,4611.0
Espinho,2019,1068.0,3944.0,4409.0,8368.0,4980.0,8497.0
Espinho,2020,1040.0,3880.0,4409.0,8223.0,4948.0,8675.0
Espinho,2021,1044.0,3820.0,4579.0,8102.0,4962.0,8933.0
Espinho,2022,1098.0,3828.0,4763.0,8080.0,4977.0,9138.0
Espinho,2023,1107.0,3840.0,4995.0,8118.0,4986.0,9347.0
Esposende,2019,1532.0,5419.0,5713.0,10675.0,4756.0,6760.0
Esposende,2020,1533.0,5311.0,5853.0,10681.0,4929.0,6990.0
Esposende,2021,1516.0,5269.0,5980.0,10639.0,5064.0,7272.0
Esposende,2022,1567.0,5291.0,6151.0,10707.0,5207.0,7539.0
Esposende,2023,1565.0,5329.0,6318.0,10859.0,5287.0,7771.0
Estarreja,2019,1066.0,3666.0,4127.0,7276.0,3818.0,6322.0
Estarreja,2020,1098.0,3637.0,4147.0,7222.0,3867.0,6410.0
Estarreja,2021,1094.0,3610.0,4198.0,7174.0,3953.0,6505.0
Estarreja,2022,1079.0,3607.0,4215.0,7163.0,4008.0,6584.0
Estarreja,2023,1091.0,3624.0,4392.0,7212.0,4066.0,6712.0
Estremoz,2019,490.0,1561.0,1688.0,3439.0,1863.0,3774.0
Estremoz,2020,497.0,1560.0,1708.0,3411.0,1887.0,3696.0
Estremoz,2021,506.0,1549.0,1746.0,3352.0,1938.0,3640.0
Estremoz,2022,496.0,1552.0,1728.0,3273.0,1980.0,3598.0
Estremoz,2023,482.0,1546.0,1747.0,3211.0,2000.0,3564.0
Fafe,2019,1812.0,6781.0,7738.0,14344.0,7244.0,10659.0
Fafe,2020,1843.0,6588.0,7843.0,14128.0,7264.0,11008.0
Fafe,2021,1759.0,6382.0,7761.0,13801.0,7306.0,11357.0
Fafe,2022,1738.0,6219.0,7760.0,13661.0,7305.0,11667.0
Fafe,2023,1746.0,6138.0,7799.0,13501.0,7319.0,12011.0
Faro,2019,3272.0,9778.0,11642.0,20225.0,8802.0,14314.0
Faro,2020,3286.0,9644.0,11244.0,20118.0,8952.0,14744.0
Faro,2021,3211.0,9641.0,11084.0,19952.0,8972.0,14999.0
Faro,2022,3235.0,9874.0,11266.0,20097.0,9122.0,15330.0
Faro,2023,3190.0,9946.0,11339.0,20201.0,9098.0,15694.0
Felgueiras,2019,2384.0,8382.0,10625.0,16979.0,8286.0,9553.0
Felgueiras,2020,2383.0,8077.0,10576.0,16674.0,8431.0,9903.0
Felgueiras,2021,2238.0,7864.0,10432.0,16264.0,8594.0,10262.0
Felgueiras,2022,2159.0,7621.0,10315.0,16023.0,8632.0,10666.0
Felgueiras,2023,2097.0,7460.0,10243.0,15793.0,8737.0,11099.0
Ferreira do Alentejo,2019,298.0,971.0,1148.0,1954.0,1103.0,2174.0
Ferreira do Alentejo,2020,316.0,962.0,1179.0,1963.0,1077.0,2244.0
Ferreira do Alentejo,2021,318.0,983.0,1223.0,1965.0,1094.0,2253.0
Ferreira do Alentejo,2022,298.0,984.0,1281.0,1990.0,1090.0,2221.0
Ferreira do Alentejo,2023,301.0,1009.0,1281.0,2050.0,1068.0,2203.0
Ferreira do Zêzere,2019,257.0,965.0,1000.0,1912.0,1166.0,2510.0
Ferreira do Zêzere,2020,268.0,927.0,1050.0,1859.0,1196.0,2532.0
Ferreira do Zêzere,2021,270.0,941.0,1069.0,1864.0,1197.0,2532.0
Ferreira do Zêzere,2022,252.0,961.0,1095.0,1908.0,1149.0,2532.0
Ferreira do Zêzere,2023,259.0,983.0,1164.0,1937.0,1144.0,2531.0
Figueira da Foz,2019,2111.0,7622.0,7631.0,16249.0,9153.0,16195.0
Figueira da Foz,2020,2085.0,7568.0,7788.0,16120.0,9116.0,16659.0
Figueira da Foz,2021,2011.0,7525.0,7894.0,15917.0,9121.0,16936.0
Figueira da Foz,2022,2018.0,7501.0,8154.0,15880.0,9082.0,17185.0
Figueira da Foz,2023,2006.0,7560.0,8586.0,15917.0,9088.0,17513.0
Figueira de Castelo Rodrigo,2019,145.0,604.0,580.0,1169.0,818.0,1957.0
Figueira de Castelo Rodrigo,2020,144.0,584.0,565.0,1122.0,823.0,1954.0
Figueira de Castelo Rodrigo,2021,153.0,569.0,566.0,1097.0,775.0,1930.0
Figueira de Castelo Rodrigo,2022,153.0,567.0,591.0,1089.0,744.0,1921.0
Figueira de Castelo Rodrigo,2023,158.0,551.0,610.0,1105.0,711.0,1909.0
Figueiró dos Vinhos,2019,158.0,568.0,600.0,1256.0,919.0,1851.0
Figueiró dos Vinhos,2020,158.0,550.0,596.0,1229.0,922.0,1853.0
Figueiró dos Vinhos,2021,145.0,533.0,627.0,1198.0,893.0,1869.0
Figueiró dos Vinhos,2022,140.0,529.0,631.0,1188.0,875.0,1850.0
Figueiró dos Vinhos,2023,134.0,542.0,656.0,1213.0,843.0,1882.0
Fornos de Algodres,2019,135.0,463.0,516.0,1018.0,721.0,1606.0
Fornos de Algodres,2020,141.0,456.0,520.0,997.0,718.0,1630.0
Fornos de Algodres,2021,132.0,462.0,537.0,987.0,701.0,1600.0
Fornos de Algodres,2022,123.0,468.0,539.0,974.0,701.0,1568.0
Fornos de Algodres,2023,122.0,466.0,556.0,986.0,699.0,1554.0
Freixo de Espada à Cinta,2019,102.0,380.0,376.0,779.0,446.0,1272.0
Freixo de Espada à Cinta,2020,106.0,369.0,382.0,753.0,451.0,1231.0
Freixo de Espada à Cinta,2021,101.0,360.0,389.0,714.0,451.0,1210.0
Freixo de Espada à Cinta,2022,103.0,347.0,401.0,713.0,426.0,1181.0
Freixo de Espada à Cinta,2023,104.0,344.0,408.0,721.0,387.0,1175.0
Fronteira,2019,88.0,387.0,328.0,721.0,458.0,981.0
Fronteira,2020,83.0,372.0,338.0,716.0,458.0,976.0
Fronteira,2021,84.0,366.0,369.0,723.0,444.0,967.0
Fronteira,2022,91.0,359.0,372.0,723.0,443.0,953.0
Fronteira,2023,80.0,361.0,414.0,748.0,436.0,935.0
Funchal,2019,3961.0,15050.0,15930.0,32225.0,16857.0,21948.0
Funchal,2020,3947.0,14747.0,15967.0,31708.0,17205.0,22728.0
Funchal,2021,3907.0,14434.0,16125.0,31198.0,17417.0,23320.0
Funchal,2022,3830.0,14289.0,16485.0,30878.0,17581.0,23939.0
Funchal,2023,3700.0,14102.0,16908.0,30567.0,17672.0,24613.0
Fundão,2019,837.0,3115.0,3371.0,6574.0,4219.0,8481.0
Fundão,2020,864.0,3084.0,3414.0,6549.0,4165.0,8578.0
Fundão,2021,861.0,3032.0,3445.0,6487.0,4135.0,8690.0
Fundão,2022,836.0,3037.0,3499.0,6462.0,4060.0,8736.0
Fundão,2023,852.0,3065.0,3680.0,6560.0,3950.0,8874.0
Gavião,2019,79.0,289.0,289.0,755.0,543.0,1467.0
Gavião,2020,83.0,279.0,306.0,731.0,558.0,1445.0
Gavião,2021,76.0,291.0,323.0,726.0,546.0,1419.0
Gavião,2022,67.0,301.0,343.0,715.0,539.0,1396.0
Gavião,2023,69.0,294.0,377.0,707.0,507.0,1370.0
Golegã,2019,208.0,694.0,721.0,1437.0,748.0,1584.0
Golegã,2020,210.0,679.0,746.0,1424.0,723.0,1593.0
Golegã,2021,213.0,667.0,793.0,1451.0,722.0,1556.0
Golegã,2022,199.0,689.0,811.0,1437.0,741.0,1540.0
Golegã,2023,198.0,692.0,834.0,1446.0,751.0,1521.0
Gondomar,2019,6603.0,23675.0,26898.0,49387.0,24308.0,33903.0
Gondomar,2020,6602.0,23124.0,27181.0,48630.0,24652.0,34750.0
Gondomar,2021,6574.0,22771.0,27422.0,47916.0,25119.0,35873.0
Gondomar,2022,6538.0,22615.0,27867.0,47651.0,25403.0,37177.0
Gondomar,2023,6525.0,22479.0,28185.0,47286.0,25634.0,38473.0
Gouveia,2019,313.0,1334.0,1291.0,2731.0,2044.0,4627.0
Gouveia,2020,316.0,1293.0,1359.0,2678.0,1995.0,4667.0
Gouveia,2021,305.0,1255.0,1392.0,2628.0,1955.0,4702.0
Gouveia,2022,306.0,1244.0,1399.0,2565.0,1897.0,4704.0
Gouveia,2023,316.0,1253.0,1503.0,2586.0,1852.0,4712.0
Grândola,2019,514.0,1882.0,1918.0,3818.0,1933.0,3842.0
Grândola,2020,504.0,1902.0,1898.0,3833.0,1939.0,3842.0
Grândola,2021,506.0,1903.0,1943.0,3876.0,1935.0,3827.0
Grândola,2022,532.0,1870.0,1964.0,3919.0,1881.0,3837.0
Grândola,2023,563.0,1867.0,2042.0,3985.0,1826.0,3882.0
Guarda,2019,1394.0,5365.0,5959.0,11516.0,6239.0,9952.0
Guarda,2020,1429.0,5202.0,5978.0,11334.0,6298.0,10058.0
Guarda,2021,1411.0,5070.0,6000.0,11157.0,6318.0,10181.0
Guarda,2022,1390.0,4945.0,5981.0,10941.0,6285.0,10351.0
Guarda,2023,1364.0,4872.0,6112.0,10781.0,6334.0,10548.0
Guimarães,2019,6574.0,22286.0,27226.0,48069.0,23293.0,29605.0
Guimarães,2020,6672.0,21680.0,27233.0,47367.0,23566.0,30808.0
Guimarães,2021,6395.0,21127.0,26826.0,46231.0,23797.0,32112.0
Guimarães,2022,6266.0,20838.0,26480.0,45538.0,24168.0,33204.0
Guimarães,2023,6123.0,20629.0,26364.0,44916.0,24356.0,34401.0
Góis,2019,111.0,376.0,407.0,904.0,610.0,1430.0
Góis,2020,98.0,363.0,409.0,875.0,618.0,1443.0
Góis,2021,90.0,363.0,431.0,866.0,599.0,1432.0
Góis,2022,78.0,372.0,441.0,886.0,556.0,1440.0
Góis,2023,82.0,370.0,469.0,915.0,542.0,1422.0
Horta,2019,600.0,2161.0,2290.0,4547.0,1957.0,2788.0
Horta,2020,604.0,2111.0,2337.0,4494.0,2011.0,2867.0
Horta,2021,598.0,2077.0,2344.0,4471.0,2010.0,2929.0
Horta,2022,588.0,2082.0,2330.0,4440.0,2012.0,2984.0
Horta,2023,569.0,2077.0,2330.0,4422.0,2031.0,3037.0
Idanha-a-Nova,2019,223.0,809.0,831.0,1750.0,1244.0,3664.0
Idanha-a-Nova,2020,230.0,797.0,838.0,1726.0,1235.0,3604.0
Idanha-a-Nova,2021,235.0,801.0,892.0,1708.0,1217.0,3551.0
Idanha-a-Nova,2022,233.0,822.0,928.0,1743.0,1167.0,3513.0
Idanha-a-Nova,2023,248.0,839.0,999.0,1787.0,1144.0,3475.0
Lagoa,2019,1050.0,3543.0,3472.0,6707.0,3447.0,5210.0
Lagoa,2020,1036.0,3517.0,3570.0,6697.0,3528.0,5480.0
Lagoa,2021,1066.0,3524.0,3616.0,6661.0,3547.0,5658.0
Lagoa,2022,1085.0,3588.0,3755.0,6709.0,3572.0,5797.0
Lagoa,2023,1089.0,3627.0,3877.0,6788.0,3586.0,5951.0
Lagoa [R.A.A.],2019,701.0,2738.0,2757.0,4523.0,1645.0,1746.0
Lagoa [R.A.A.],2020,739.0,2683.0,2844.0,4490.0,1706.0,1801.0
Lagoa [R.A.A.],2021,737.0,2662.0,2905.0,4527.0,1766.0,1862.0
Lagoa [R.A.A.],2022,753.0,2630.0,2948.0,4630.0,1835.0,1929.0
Lagoa [R.A.A.],2023,728.0,2619.0,2978.0,4690.0,1903.0,2002.0
Lagos,2019,1378.0,4735.0,4796.0,9245.0,5120.0,7748.0
Lagos,2020,1372.0,4695.0,4963.0,9221.0,5202.0,8225.0
Lagos,2021,1343.0,4665.0,4914.0,9056.0,5171.0,8434.0
Lagos,2022,1362.0,4780.0,5091.0,9123.0,5097.0,8693.0
Lagos,2023,1344.0,4756.0,5270.0,9203.0,5056.0,8923.0
Lajes das Flores,2019,54.0,181.0,232.0,436.0,212.0,303.0
Lajes das Flores,2020,60.0,168.0,231.0,434.0,219.0,301.0
Lajes das Flores,2021,52.0,171.0,238.0,429.0,227.0,299.0
Lajes das Flores,2022,56.0,175.0,240.0,430.0,225.0,313.0
Lajes das Flores,2023,58.0,177.0,238.0,436.0,222.0,315.0
Lajes do Pico,2019,156.0,617.0,596.0,1286.0,648.0,1057.0
Lajes do Pico,2020,168.0,592.0,634.0,1259.0,654.0,1064.0
Lajes do Pico,2021,177.0,587.0,651.0,1241.0,665.0,1082.0
Lajes do Pico,2022,170.0,582.0,663.0,1220.0,666.0,1084.0
Lajes do Pico,2023,169.0,580.0,676.0,1232.0,668.0,1078.0
Lamego,2019,781.0,3219.0,3292.0,6979.0,4163.0,6132.0
Lamego,2020,771.0,3104.0,3326.0,6750.0,4181.0,6307.0
Lamego,2021,719.0,3005.0,3384.0,6510.0,4208.0,6405.0
Lamego,2022,694.0,2925.0,3453.0,6366.0,4205.0,6520.0
Lamego,2023,672.0,2838.0,3546.0,6199.0,4218.0,6656.0
Leiria,2019,5593.0,18828.0,21150.0,37645.0,17362.0,27500.0
Leiria,2020,5635.0,18498.0,21506.0,37368.0,17687.0,28386.0
Leiria,2021,5514.0,18442.0,21618.0,37150.0,18086.0,29281.0
Leiria,2022,5534.0,18564.0,21818.0,37156.0,18279.0,30081.0
Leiria,2023,5593.0,18633.0,22552.0,37413.0,18604.0,31000.0
Lisboa,2019,25377.0,76298.0,112612.0,154966.0,64565.0,127760.0
Lisboa,2020,24858.0,74221.0,105541.0,151593.0,64705.0,127959.0
Lisboa,2021,25127.0,73515.0,102240.0,150742.0,65257.0,128262.0
Lisboa,2022,26257.0,74892.0,105537.0,154569.0,66779.0,129485.0
Lisboa,2023,27171.0,76224.0,105776.0,158890.0,68068.0,131002.0
Loulé,2019,3240.0,10383.0,11161.0,20943.0,10116.0,16218.0
Loulé,2020,3211.0,10391.0,11133.0,21020.0,10191.0,16785.0
Loulé,2021,3243.0,10330.0,10880.0,20703.0,10169.0,17019.0
Loulé,2022,3256.0,10682.0,11112.0,20890.0,10283.0,17367.0
Loulé,2023,3389.0,10729.0,11288.0,20984.0,10309.0,17711.0
Loures,2019,10246.0,31379.0,35190.0,57508.0,24674.0,43358.0
Loures,2020,10241.0,31014.0,34908.0,57481.0,24754.0,44221.0
Loures,2021,10217.0,30909.0,34514.0,57095.0,24970.0,44996.0
Loures,2022,10440.0,31031.0,34571.0,57267.0,25175.0,45935.0
Loures,2023,10732.0,31371.0,34795.0,57763.0,25509.0,46895.0
Lourinhã,2019,1119.0,3810.0,3640.0,7324.0,3507.0,6439.0
Lourinhã,2020,1127.0,3819.0,3773.0,7422.0,3598.0,6649.0
Lourinhã,2021,1148.0,3879.0,3989.0,7527.0,3622.0,6821.0
Lourinhã,2022,1162.0,4012.0,4187.0,7677.0,3698.0,6931.0
Lourinhã,2023,1168.0,4078.0,4477.0,7852.0,3735.0,7073.0
Lousada,2019,2117.0,7746.0,9065.0,14820.0,6551.0,6899.0
Lousada,2020,2185.0,7508.0,9196.0,14719.0,6742.0,7177.0
Lousada,2021,2125.0,7319.0,9177.0,14542.0,6950.0,7516.0
Lousada,2022,2090.0,7187.0,9256.0,14461.0,7115.0,7822.0
Lousada,2023,2028.0,7184.0,9310.0,14420.0,7211.0,8156.0
Lousã,2019,685.0,2600.0,2376.0,5268.0,2249.0,3769.0
Lousã,2020,687.0,2545.0,2465.0,5207.0,2324.0,3830.0
Lousã,2021,640.0,2545.0,2515.0,5134.0,2384.0,3942.0
Lousã,2022,616.0,2503.0,2543.0,5109.0,2441.0,4004.0
Lousã,2023,597.0,2499.0,2648.0,5104.0,2448.0,4123.0
Macedo de Cavaleiros,2019,422.0,1580.0,1772.0,3393.0,2391.0,4826.0
Macedo de Cavaleiros,2020,405.0,1536.0,1794.0,3327.0,2341.0,4885.0
Macedo de Cavaleiros,2021,390.0,1497.0,1785.0,3261.0,2276.0,4958.0
Macedo de Cavaleiros,2022,381.0,1496.0,1804.0,3228.0,2259.0,4992.0
Macedo de Cavaleiros,2023,379.0,1473.0,1899.0,3212.0,2236.0,5037.0
Machico,2019,679.0,2846.0,3035.0,6094.0,3144.0,3839.0
Machico,2020,691.0,2770.0,3031.0,5958.0,3257.0,3988.0
Machico,2021,674.0,2646.0,3067.0,5793.0,3324.0,4113.0
Machico,2022,634.0,2593.0,3102.0,5651.0,3368.0,4202.0
Machico,2023,606.0,2519.0,3182.0,5546.0,3386.0,4356.0
Madalena,2019,312.0,920.0,1085.0,1862.0,869.0,1236.0
Madalena,2020,307.0,937.0,1100.0,1888.0,880.0,1245.0
Madalena,2021,307.0,933.0,1128.0,1900.0,890.0,1283.0
Madalena,2022,284.0,947.0,1124.0,1963.0,883.0,1284.0
Madalena,2023,277.0,951.0,1144.0,1977.0,888.0,1296.0
Mafra,2019,4370.0,15351.0,12619.0,28156.0,9674.0,14649.0
Mafra,2020,4328.0,15585.0,13070.0,28687.0,10180.0,15348.0
Mafra,2021,4176.0,15575.0,13279.0,28564.0,10563.0,15764.0
Mafra,2022,4147.0,15698.0,13733.0,28624.0,11005.0,16142.0
Mafra,2023,3964.0,15673.0,14016.0,28640.0,11306.0,16529.0
Maia,2019,5817.0,21279.0,21663.0,43466.0,18127.0,24915.0
Maia,2020,5790.0,20750.0,21747.0,42806.0,18551.0,25795.0
Maia,2021,5716.0,20736.0,22290.0,42772.0,19099.0,26982.0
Maia,2022,5714.0,20767.0,23077.0,42994.0,19764.0,28016.0
Maia,2023,5570.0,20860.0,23705.0,43073.0,20384.0,29002.0
Mangualde,2019,645.0,2451.0,2464.0,4741.0,2756.0,5295.0
Mangualde,2020,629.0,2417.0,2513.0,4727.0,2752.0,5388.0
Mangualde,2021,602.0,2377.0,2517.0,4674.0,2743.0,5452.0
Mangualde,2022,613.0,2312.0,2577.0,4630.0,2694.0,5504.0
Mangualde,2023,607.0,2316.0,2711.0,4655.0,2698.0,5605.0
Manteigas,2019,68.0,289.0,353.0,659.0,544.0,1101.0
Manteigas,2020,73.0,285.0,357.0,647.0,519.0,1097.0
Manteigas,2021,80.0,276.0,366.0,635.0,475.0,1119.0
Manteigas,2022,85.0,267.0,375.0,635.0,450.0,1120.0
Manteigas,2023,101.0,260.0,395.0,628.0,446.0,1108.0
Marco de Canaveses,2019,1848.0,8105.0,8633.0,15260.0,7103.0,8605.0
Marco de Canaveses,2020,1898.0,7792.0,8851.0,15000.0,7291.0,8893.0
Marco de Canaveses,2021,1825.0,7521.0,8861.0,14656.0,7484.0,9202.0
Marco de Canaveses,2022,1753.0,7291.0,8917.0,14370.0,7664.0,9465.0
Marco de Canaveses,2023,1738.0,7068.0,9024.0,14162.0,7788.0,9796.0
Marinha Grande,2019,1625.0,5688.0,5889.0,11566.0,5275.0,8789.0
Marinha Grande,2020,1687.0,5609.0,6029.0,11533.0,5358.0,9000.0
Marinha Grande,2021,1626.0,5620.0,6158.0,11541.0,5412.0,9291.0
Marinha Grande,2022,1596.0,5667.0,6342.0,11569.0,5487.0,9479.0
Marinha Grande,2023,1614.0,5722.0,6692.0,11636.0,5631.0,9716.0
Marvão,2019,85.0,316.0,324.0,745.0,498.0,1093.0
Marvão,2020,101.0,312.0,337.0,729.0,490.0,1080.0
Marvão,2021,103.0,320.0,353.0,758.0,494.0,1041.0
Marvão,2022,89.0,330.0,370.0,741.0,488.0,1019.0
Marvão,2023,87.0,324.0,383.0,732.0,474.0,1024.0
Matosinhos,2019,7202.0,24085.0,27906.0,51224.0,25767.0,38118.0
Matosinhos,2020,7187.0,23395.0,27439.0,50275.0,25856.0,39089.0
Matosinhos,2021,6945.0,23409.0,27702.0,50101.0,25933.0,40554.0
Matosinhos,2022,6892.0,23548.0,28286.0,50328.0,26070.0,42019.0
Matosinhos,2023,6798.0,23857.0,28757.0,50538.0,26269.0,43339.0
Mação,2019,147.0,554.0,649.0,1310.0,984.0,2755.0
Mação,2020,154.0,550.0,680.0,1291.0,1006.0,2730.0
Mação,2021,152.0,562.0,743.0,1282.0,1019.0,2690.0
Mação,2022,140.0,546.0,774.0,1285.0,1002.0,2641.0
Mação,2023,155.0,572.0,804.0,1264.0,999.0,2609.0
Mealhada,2019,717.0,2620.0,2588.0,5643.0,2863.0,4958.0
Mealhada,2020,697.0,2522.0,2755.0,5528.0,2892.0,5035.0
Mealhada,2021,680.0,2520.0,2817.0,5512.0,2894.0,5121.0
Mealhada,2022,677.0,2467.0,2902.0,5488.0,2883.0,5206.0
Mealhada,2023,655.0,2466.0,3009.0,5445.0,2900.0,5312.0
Melgaço,2019,169.0,719.0,754.0,1690.0,1320.0,3332.0
Melgaço,2020,158.0,696.0,741.0,1613.0,1280.0,3329.0
Melgaço,2021,154.0,670.0,746.0,1568.0,1231.0,3324.0
Melgaço,2022,151.0,651.0,776.0,1543.0,1200.0,3294.0
Melgaço,2023,147.0,654.0,827.0,1541.0,1132.0,3298.0
Mesão Frio,2019,83.0,481.0,458.0,975.0,628.0,955.0
Mesão Frio,2020,96.0,441.0,488.0,945.0,611.0,973.0
Mesão Frio,2021,94.0,423.0,507.0,916.0,592.0,1005.0
Mesão Frio,2022,100.0,396.0,529.0,884.0,594.0,1011.0
Mesão Frio,2023,99.0,377.0,560.0,856.0,586.0,1007.0
Mira,2019,427.0,1521.0,1562.0,3151.0,1736.0,3680.0
Mira,2020,448.0,1498.0,1639.0,3135.0,1733.0,3733.0
Mira,2021,453.0,1508.0,1647.0,3136.0,1717.0,3783.0
Mira,2022,458.0,1515.0,1664.0,3158.0,1709.0,3787.0
Mira,2023,450.0,1565.0,1741.0,3216.0,1722.0,3829.0
Miranda do Corvo,2019,386.0,1592.0,1601.0,3426.0,1889.0,3206.0
Miranda do Corvo,2020,391.0,1533.0,1641.0,3325.0,1929.0,3259.0
Miranda do Corvo,2021,374.0,1504.0,1699.0,3261.0,1960.0,3272.0
Miranda do Corvo,2022,369.0,1447.0,1756.0,3212.0,1955.0,3292.0
Miranda do Corvo,2023,356.0,1442.0,1833.0,3193.0,2004.0,3289.0
Miranda do Douro,2019,185.0,643.0,663.0,1553.0,1022.0,2499.0
Miranda do Douro,2020,181.0,614.0,685.0,1507.0,998.0,2526.0
Miranda do Douro,2021,163.0,612.0,687.0,1474.0,959.0,2502.0
Miranda do Douro,2022,144.0,616.0,706.0,1435.0,929.0,2523.0
Miranda do Douro,2023,136.0,614.0,729.0,1387.0,904.0,2528.0
Mirandela,2019,699.0,2568.0,2841.0,5447.0,3340.0,6759.0
Mirandela,2020,677.0,2500.0,2859.0,5326.0,3311.0,6824.0
Mirandela,2021,643.0,2435.0,2897.0,5219.0,3231.0,6909.0
Mirandela,2022,613.0,2393.0,2965.0,5167.0,3178.0,7005.0
Mirandela,2023,629.0,2357.0,3021.0,5181.0,3107.0,7095.0
Mogadouro,2019,210.0,778.0,958.0,1933.0,1457.0,3147.0
Mogadouro,2020,218.0,776.0,961.0,1893.0,1426.0,3137.0
Mogadouro,2021,204.0,763.0,954.0,1831.0,1399.0,3143.0
Mogadouro,2022,196.0,759.0,961.0,1784.0,1370.0,3190.0
Mogadouro,2023,190.0,746.0,972.0,1785.0,1327.0,3217.0
Moimenta da Beira,2019,346.0,1243.0,1243.0,2318.0,1541.0,2682.0
Moimenta da Beira,2020,344.0,1199.0,1318.0,2278.0,1549.0,2768.0
Moimenta da Beira,2021,325.0,1210.0,1332.0,2258.0,1559.0,2814.0
Moimenta da Beira,2022,323.0,1212.0,1389.0,2284.0,1528.0,2880.0
Moimenta da Beira,2023,331.0,1216.0,1457.0,2298.0,1484.0,2947.0
Moita,2019,3056.0,10690.0,10427.0,18541.0,8646.0,14080.0
Moita,2020,3178.0,10663.0,10948.0,18752.0,8670.0,14482.0
Moita,2021,3259.0,10623.0,11034.0,18647.0,8702.0,14761.0
Moita,2022,3335.0,10664.0,11223.0,18819.0,8745.0,15063.0
Moita,2023,3483.0,10718.0,11595.0,18965.0,8764.0,15425.0
Monchique,2019,175.0,558.0,602.0,1359.0,934.0,1811.0
Monchique,2020,175.0,566.0,634.0,1325.0,943.0,1847.0
Monchique,2021,171.0,569.0,626.0,1306.0,922.0,1829.0
Monchique,2022,174.0,575.0,604.0,1263.0,924.0,1823.0
Monchique,2023,170.0,573.0,611.0,1238.0,906.0,1825.0
Mondim de Basto,2019,197.0,840.0,892.0,1755.0,1057.0,1747.0
Mondim de Basto,2020,192.0,827.0,892.0,1693.0,1067.0,1791.0
Mondim de Basto,2021,176.0,797.0,919.0,1614.0,1057.0,1867.0
Mondim de Basto,2022,187.0,754.0,946.0,1574.0,1056.0,1892.0
Mondim de Basto,2023,170.0,730.0,994.0,1564.0,1054.0,1893.0
Monforte,2019,134.0,459.0,389.0,719.0,404.0,873.0
Monforte,2020,137.0,463.0,406.0,710.0,397.0,887.0
Monforte,2021,131.0,452.0,441.0,696.0,405.0,881.0
Monforte,2022,129.0,452.0,453.0,693.0,412.0,836.0
Monforte,2023,123.0,453.0,498.0,690.0,405.0,833.0
Montalegre,2019,237.0,804.0,993.0,2009.0,1665.0,3610.0
Montalegre,2020,235.0,784.0,1017.0,1954.0,1664.0,3635.0
Montalegre,2021,233.0,779.0,995.0,1904.0,1617.0,3676.0
Montalegre,2022,224.0,762.0,1017.0,1893.0,1543.0,3700.0
Montalegre,2023,198.0,784.0,1054.0,1887.0,1489.0,3730.0
Montemor-o-Novo,2019,582.0,1990.0,2086.0,4186.0,2245.0,4861.0
Montemor-o-Novo,2020,584.0,2018.0,2086.0,4238.0,2199.0,4841.0
Montemor-o-Novo,2021,567.0,2043.0,2171.0,4208.0,2208.0,4805.0
Montemor-o-Novo,2022,557.0,2015.0,2182.0,4161.0,2204.0,4777.0
Montemor-o-Novo,2023,559.0,2005.0,2268.0,4159.0,2189.0,4771.0
Montemor-o-Velho,2019,1002.0,3144.0,3383.0,7210.0,3481.0,6310.0
Montemor-o-Velho,2020,1035.0,3134.0,3422.0,7154.0,3555.0,6377.0
Montemor-o-Velho,2021,1018.0,3133.0,3416.0,7105.0,3610.0,6438.0
Montemor-o-Velho,2022,986.0,3144.0,3451.0,7034.0,3626.0,6480.0
Montemor-o-Velho,2023,970.0,3185.0,3491.0,7033.0,3633.0,6577.0
Montijo,2019,3077.0,8999.0,9396.0,17332.0,5971.0,10135.0
Montijo,2020,3081.0,9126.0,9581.0,17660.0,6224.0,10504.0
Montijo,2021,3050.0,9255.0,9628.0,17888.0,6386.0,10708.0
Montijo,2022,3046.0,9481.0,9707.0,18343.0,6578.0,10888.0
Montijo,2023,3135.0,9654.0,9821.0,18779.0,6726.0,11082.0
Monção,2019,535.0,1974.0,2133.0,4444.0,2848.0,5946.0
Monção,2020,529.0,1957.0,2167.0,4438.0,2783.0,6064.0
Monção,2021,509.0,1938.0,2161.0,4380.0,2717.0,6153.0
Monção,2022,523.0,1936.0,2189.0,4387.0,2693.0,6187.0
Monção,2023,519.0,1954.0,2287.0,4405.0,2645.0,6222.0
Mora,2019,127.0,424.0,440.0,929.0,683.0,1642.0
Mora,2020,132.0,399.0,456.0,922.0,653.0,1641.0
Mora,2021,114.0,410.0,490.0,929.0,653.0,1592.0
Mora,2022,109.0,410.0,517.0,930.0,619.0,1592.0
Mora,2023,109.0,408.0,543.0,930.0,604.0,1561.0
Mortágua,2019,278.0,944.0,1101.0,2186.0,1396.0,3114.0
Mortágua,2020,283.0,917.0,1133.0,2191.0,1358.0,3147.0
Mortágua,2021,279.0,905.0,1146.0,2162.0,1308.0,3211.0
Mortágua,2022,278.0,914.0,1131.0,2125.0,1277.0,3220.0
Mortágua,2023,284.0,932.0,1183.0,2156.0,1243.0,3261.0
Moura,2019,648.0,2166.0,1733.0,3395.0,1983.0,3443.0
Moura,2020,656.0,2145.0,1799.0,3330.0,1940.0,3489.0
Moura,2021,665.0,2102.0,1849.0,3272.0,1921.0,3503.0
Moura,2022,659.0,2091.0,1907.0,3194.0,1937.0,3539.0
Moura,2023,664.0,2048.0,1991.0,3167.0,1889.0,3561.0
Mourão,2019,107.0,347.0,340.0,584.0,359.0,630.0
Mourão,2020,110.0,335.0,348.0,571.0,340.0,650.0
Mourão,2021,114.0,344.0,376.0,566.0,353.0,632.0
Mourão,2022,122.0,349.0,389.0,559.0,331.0,646.0
Mourão,2023,130.0,341.0,412.0,542.0,349.0,650.0
Murtosa,2019,467.0,1564.0,1593.0,2897.0,1359.0,2549.0
Murtosa,2020,450.0,1549.0,1601.0,2928.0,1405.0,2575.0
Murtosa,2021,464.0,1549.0,1677.0,2916.0,1438.0,2624.0
Murtosa,2022,435.0,1546.0,1713.0,2918.0,1466.0,2645.0
Murtosa,2023,448.0,1576.0,1826.0,3004.0,1502.0,2680.0
Murça,2019,121.0,595.0,613.0,1231.0,936.0,1846.0
Murça,2020,127.0,569.0,619.0,1207.0,912.0,1845.0
Murça,2021,123.0,550.0,636.0,1162.0,898.0,1869.0
Murça,2022,110.0,524.0,679.0,1146.0,885.0,1879.0
Murça,2023,108.0,518.0,714.0,1171.0,833.0,1912.0
Mértola,2019,175.0,597.0,644.0,1538.0,1033.0,2321.0
Mértola,2020,169.0,585.0,670.0,1520.0,1040.0,2298.0
Mértola,2021,167.0,595.0,686.0,1514.0,1021.0,2266.0
Mértola,2022,157.0,595.0,687.0,1491.0,992.0,2257.0
Mértola,2023,153.0,573.0,707.0,1478.0,976.0,2250.0
Mêda,2019,133.0,463.0,491.0,997.0,758.0,1778.0
Mêda,2020,127.0,458.0,507.0,988.0,765.0,1773.0
Mêda,2021,111.0,461.0,516.0,1005.0,745.0,1772.0
Mêda,2022,96.0,456.0,534.0,996.0,723.0,1771.0
Mêda,2023,91.0,450.0,561.0,1001.0,696.0,1773.0
Nazaré,2019,604.0,2038.0,2092.0,4256.0,2142.0,3777.0
Nazaré,2020,582.0,1997.0,2142.0,4175.0,2138.0,3878.0
Nazaré,2021,586.0,2008.0,2196.0,4146.0,2157.0,3963.0
Nazaré,2022,601.0,2056.0,2319.0,4157.0,2188.0,4031.0
Nazaré,2023,608.0,2113.0,2424.0,4197.0,2223.0,4133.0
Nelas,2019,492.0,1818.0,1602.0,3413.0,1908.0,3906.0
Nelas,2020,475.0,1792.0,1676.0,3380.0,1899.0,4001.0
Nelas,2021,418.0,1790.0,1713.0,3370.0,1846.0,4072.0
Nelas,2022,410.0,1741.0,1748.0,3327.0,1828.0,4101.0
Nelas,2023,412.0,1729.0,1851.0,3353.0,1821.0,4157.0
Nisa,2019,146.0,589.0,590.0,1389.0,913.0,2457.0
Nisa,2020,142.0,562.0,602.0,1330.0,914.0,2431.0
Nisa,2021,140.0,549.0,589.0,1287.0,906.0,2360.0
Nisa,2022,148.0,525.0,613.0,1249.0,897.0,2292.0
Nisa,2023,145.0,517.0,645.0,1228.0,889.0,2261.0
Nordeste,2019,168.0,718.0,711.0,1310.0,645.0,916.0
Nordeste,2020,166.0,707.0,722.0,1266.0,650.0,924.0
Nordeste,2021,165.0,688.0,749.0,1243.0,666.0,927.0
Nordeste,2022,164.0,662.0,783.0,1230.0,688.0,911.0
Nordeste,2023,167.0,658.0,776.0,1217.0,693.0,925.0
Odemira,2019,949.0,3142.0,6518.0,8346.0,3605.0,6294.0
Odemira,2020,999.0,3108.0,6430.0,8667.0,3800.0,6678.0
Odemira,2021,1108.0,3145.0,6497.0,9006.0,3997.0,6937.0
Odemira,2022,1192.0,3312.0,6638.0,9537.0,4083.0,7171.0
Odemira,2023,1286.0,3456.0,6784.0,10081.0,4155.0,7362.0
Odivelas,2019,7928.0,23034.0,26825.0,44157.0,17306.0,30219.0
Odivelas,2020,7821.0,22523.0,26400.0,43912.0,17291.0,30837.0
Odivelas,2021,7860.0,22668.0,25748.0,43946.0,17396.0,31503.0
Odivelas,2022,8097.0,23011.0,25639.0,44484.0,17637.0,32274.0
Odivelas,2023,8405.0,23386.0,25818.0,45110.0,17892.0,33097.0
Oeiras,2019,7957.0,27044.0,26735.0,50518.0,20565.0,40600.0
Oeiras,2020,7615.0,26523.0,26383.0,49598.0,20587.0,41054.0
Oeiras,2021,7405.0,26471.0,26301.0,49181.0,20808.0,41670.0
Oeiras,2022,7491.0,26474.0,26805.0,49425.0,21223.0,42432.0
Oeiras,2023,7464.0,26485.0,27401.0,49570.0,21655.0,43102.0
Oleiros,2019,83.0,330.0,433.0,990.0,811.0,2193.0
Oleiros,2020,86.0,314.0,460.0,958.0,831.0,2243.0
Oleiros,2021,89.0,324.0,488.0,959.0,796.0,2277.0
Oleiros,2022,100.0,317.0,494.0,950.0,772.0,2244.0
Oleiros,2023,106.0,316.0,525.0,953.0,768.0,2218.0
Olhão,2019,2113.0,6909.0,6560.0,13136.0,5791.0,9908.0
Olhão,2020,2114.0,6901.0,6675.0,13189.0,5811.0,10187.0
Olhão,2021,2028.0,6883.0,6544.0,12997.0,5870.0,10301.0
Olhão,2022,2021.0,6904.0,6587.0,13007.0,5840.0,10460.0
Olhão,2023,2009.0,6934.0,6680.0,12982.0,5863.0,10575.0
Oliveira de Azeméis,2019,2417.0,8871.0,10550.0,19255.0,10323.0,14721.0
Oliveira de Azeméis,2020,2475.0,8688.0,10684.0,19067.0,10417.0,15129.0
Oliveira de Azeméis,2021,2406.0,8560.0,10688.0,18770.0,10593.0,15600.0
Oliveira de Azeméis,2022,2386.0,8438.0,10694.0,18663.0,10595.0,16093.0
Oliveira de Azeméis,2023,2327.0,8355.0,10817.0,18555.0,10635.0,16588.0
Oliveira de Frades,2019,378.0,1387.0,1469.0,2643.0,1331.0,2350.0
Oliveira de Frades,2020,384.0,1339.0,1488.0,2626.0,1354.0,2376.0
Oliveira de Frades,2021,390.0,1298.0,1548.0,2627.0,1379.0,2416.0
Oliveira de Frades,2022,380.0,1282.0,1554.0,2619.0,1359.0,2429.0
Oliveira de Frades,2023,356.0,1310.0,1566.0,2659.0,1415.0,2457.0
Oliveira do Bairro,2019,1083.0,3522.0,3508.0,6883.0,2781.0,5308.0
Oliveira do Bairro,2020,1064.0,3445.0,3612.0,6912.0,2822.0,5444.0
Oliveira do Bairro,2021,1056.0,3463.0,3789.0,6995.0,2885.0,5586.0
Oliveira do Bairro,2022,1046.0,3521.0,3958.0,7089.0,2949.0,5686.0
Oliveira do Bairro,2023,1052.0,3665.0,4214.0,7228.0,3090.0,5806.0
Oliveira do Hospital,2019,692.0,2415.0,2701.0,5201.0,3052.0,5401.0
Oliveira do Hospital,2020,729.0,2328.0,2774.0,5132.0,3043.0,5506.0
Oliveira do Hospital,2021,706.0,2291.0,2816.0,5042.0,3036.0,5581.0
Oliveira do Hospital,2022,682.0,2287.0,2796.0,4911.0,3061.0,5575.0
Oliveira do Hospital,2023,688.0,2264.0,2920.0,4853.0,3053.0,5686.0
Ourique,2019,157.0,534.0,557.0,1244.0,697.0,1690.0
Ourique,2020,155.0,530.0,578.0,1201.0,700.0,1691.0
Ourique,2021,150.0,537.0,596.0,1188.0,712.0,1640.0
Ourique,2022,162.0,519.0,620.0,1180.0,701.0,1637.0
Ourique,2023,179.0,512.0,642.0,1202.0,697.0,1597.0
Ourém,2019,1712.0,6112.0,6747.0,11751.0,6342.0,11568.0
Ourém,2020,1743.0,6067.0,6900.0,11706.0,6445.0,11927.0
Ourém,2021,1759.0,5985.0,7129.0,11720.0,6535.0,12142.0
Ourém,2022,1775.0,5990.0,7296.0,11740.0,6618.0,12276.0
Ourém,2023,1763.0,6047.0,7665.0,11892.0,6699.0,12446.0
Ovar,2019,2262.0,7876.0,8755.0,16552.0,8102.0,11321.0
Ovar,2020,2272.0,7629.0,8999.0,16457.0,8146.0,11689.0
Ovar,2021,2270.0,7553.0,9053.0,16310.0,8255.0,12143.0
Ovar,2022,2228.0,7493.0,9187.0,16119.0,8343.0,12517.0
Ovar,2023,2225.0,7490.0,9472.0,16117.0,8487.0,12944.0
Palmela,2019,2936.0,11304.0,9863.0,20575.0,8521.0,14134.0
Palmela,2020,3081.0,11284.0,10497.0,21174.0,8821.0,14639.0
Palmela,2021,3074.0,11259.0,10850.0,21213.0,9043.0,14823.0
Palmela,2022,3139.0,11296.0,11375.0,21369.0,9243.0,15231.0
Palmela,2023,3108.0,11376.0,11847.0,21586.0,9460.0,15561.0
Pampilhosa da Serra,2019,84.0,295.0,362.0,813.0,706.0,1845.0
Pampilhosa da Serra,2020,85.0,288.0,345.0,802.0,695.0,1867.0
Pampilhosa da Serra,2021,81.0,296.0,373.0,808.0,652.0,1862.0
Pampilhosa da Serra,2022,74.0,311.0,396.0,817.0,631.0,1845.0
Pampilhosa da Serra,2023,73.0,338.0,423.0,835.0,610.0,1859.0
Paredes,2019,3625.0,14021.0,15045.0,26919.0,11581.0,13144.0
Paredes,2020,3694.0,13648.0,15224.0,26615.0,11910.0,13620.0
Paredes,2021,3607.0,13388.0,15258.0,26222.0,12324.0,14173.0
Paredes,2022,3555.0,13082.0,15429.0,25970.0,12664.0,14685.0
Paredes,2023,3546.0,12834.0,15668.0,25763.0,12887.0,15317.0
Paredes de Coura,2019,302.0,1103.0,1122.0,2310.0,1231.0,2630.0
Paredes de Coura,2020,300.0,1079.0,1128.0,2315.0,1228.0,2673.0
Paredes de Coura,2021,285.0,1058.0,1134.0,2286.0,1228.0,2692.0
Paredes de Coura,2022,278.0,1031.0,1144.0,2291.0,1239.0,2693.0
Paredes de Coura,2023,261.0,1048.0,1172.0,2290.0,1235.0,2703.0
Paços de Ferreira,2019,2376.0,9041.0,10692.0,17355.0,7691.0,8606.0
Paços de Ferreira,2020,2365.0,8697.0,10798.0,17152.0,7921.0,8891.0
Paços de Ferreira,2021,2300.0,8459.0,10718.0,16884.0,8162.0,9220.0
Paços de Ferreira,2022,2295.0,8225.0,10679.0,16739.0,8383.0,9561.0
Paços de Ferreira,2023,2254.0,8081.0,10669.0,16518.0,8542.0,9917.0
Pedrógão Grande,2019,83.0,359.0,386.0,784.0,629.0,1189.0
Pedrógão Grande,2020,78.0,364.0,395.0,782.0,606.0,1219.0
Pedrógão Grande,2021,87.0,358.0,433.0,797.0,577.0,1251.0
Pedrógão Grande,2022,82.0,355.0,464.0,809.0,573.0,1242.0
Pedrógão Grande,2023,96.0,356.0,522.0,816.0,582.0,1255.0
Penacova,2019,363.0,1566.0,1584.0,3570.0,2030.0,4202.0
Penacova,2020,329.0,1503.0,1601.0,3461.0,2052.0,4231.0
Penacova,2021,316.0,1449.0,1611.0,3346.0,2079.0,4216.0
Penacova,2022,315.0,1401.0,1639.0,3235.0,2053.0,4245.0
Penacova,2023,319.0,1400.0,1681.0,3195.0,2028.0,4296.0
Penafiel,2019,2956.0,11100.0,12546.0,21259.0,10078.0,11837.0
Penafiel,2020,2965.0,10819.0,12602.0,20996.0,10292.0,12241.0
Penafiel,2021,2912.0,10569.0,12539.0,20621.0,10556.0,12653.0
Penafiel,2022,2857.0,10382.0,12568.0,20351.0,10712.0,13129.0
Penafiel,2023,2813.0,10235.0,12686.0,20181.0,10851.0,13554.0
Penalva do Castelo,2019,222.0,913.0,810.0,1802.0,1079.0,2489.0
Penalva do Castelo,2020,209.0,903.0,842.0,1764.0,1061.0,2589.0
Penalva do Castelo,2021,190.0,888.0,857.0,1763.0,1037.0,2595.0
Penalva do Castelo,2022,183.0,877.0,885.0,1743.0,1014.0,2578.0
Penalva do Castelo,2023,165.0,884.0,938.0,1754.0,1011.0,2590.0
Penamacor,2019,86.0,367.0,445.0,974.0,766.0,2136.0
Penamacor,2020,97.0,349.0,466.0,962.0,783.0,2130.0
Penamacor,2021,93.0,354.0,506.0,953.0,761.0,2129.0
Penamacor,2022,101.0,346.0,525.0,939.0,742.0,2095.0
Penamacor,2023,105.0,375.0,547.0,944.0,745.0,2081.0
Penedono,2019,74.0,297.0,327.0,655.0,486.0,929.0
Penedono,2020,68.0,305.0,344.0,642.0,476.0,945.0
Penedono,2021,66.0,298.0,370.0,646.0,469.0,946.0
Penedono,2022,66.0,302.0,382.0,639.0,445.0,957.0
Penedono,2023,65.0,288.0,417.0,622.0,430.0,982.0
Penela,2019,168.0,662.0,666.0,1417.0,793.0,1747.0
Penela,2020,171.0,648.0,695.0,1403.0,823.0,1732.0
Penela,2021,163.0,663.0,723.0,1405.0,825.0,1722.0
Penela,2022,164.0,663.0,752.0,1415.0,825.0,1716.0
Penela,2023,174.0,672.0,789.0,1417.0,835.0,1724.0
Peniche,2019,1182.0,3823.0,3807.0,7267.0,3704.0,6732.0
Peniche,2020,1169.0,3813.0,3777.0,7190.0,3767.0,6872.0
Peniche,2021,1148.0,3823.0,3854.0,7152.0,3770.0,6995.0
Peniche,2022,1194.0,3867.0,3998.0,7222.0,3745.0,7119.0
Peniche,2023,1152.0,3945.0,4161.0,7323.0,3750.0,7223.0
Peso da Régua,2019,491.0,1896.0,2095.0,4014.0,2564.0,3713.0
Peso da Régua,2020,507.0,1797.0,2088.0,3870.0,2547.0,3819.0
Peso da Régua,2021,499.0,1735.0,2094.0,3773.0,2510.0,3883.0
Peso da Régua,2022,477.0,1714.0,2115.0,3688.0,2460.0,3973.0
Peso da Régua,2023,481.0,1661.0,2133.0,3664.0,2401.0,4062.0
Pinhel,2019,199.0,858.0,843.0,1913.0,1341.0,3188.0
Pinhel,2020,185.0,820.0,862.0,1841.0,1314.0,3146.0
Pinhel,2021,176.0,787.0,859.0,1768.0,1302.0,3111.0
Pinhel,2022,169.0,767.0,885.0,1707.0,1277.0,3092.0
Pinhel,2023,162.0,761.0,923.0,1679.0,1235.0,3089.0
Pombal,2019,1859.0,6831.0,7010.0,13470.0,7444.0,14550.0
Pombal,2020,1861.0,6750.0,7189.0,13403.0,7453.0,14842.0
Pombal,2021,1845.0,6610.0,7298.0,13261.0,7432.0,14995.0
Pombal,2022,1835.0,6549.0,7348.0,13067.0,7457.0,15097.0
Pombal,2023,1875.0,6567.0,7693.0,13114.0,7450.0,15327.0
Ponta Delgada,2019,3106.0,11133.0,13236.0,21422.0,8872.0,9728.0
Ponta Delgada,2020,3087.0,10847.0,13157.0,21283.0,9150.0,9997.0
Ponta Delgada,2021,3125.0,10670.0,13027.0,21344.0,9287.0,10391.0
Ponta Delgada,2022,3134.0,10581.0,13052.0,21461.0,9444.0,10708.0
Ponta Delgada,2023,3108.0,10444.0,13034.0,21493.0,9541.0,11138.0
Ponta do Sol,2019,310.0,1351.0,1265.0,2503.0,1187.0,1766.0
Ponta do Sol,2020,285.0,1326.0,1297.0,2446.0,1224.0,1815.0
Ponta do Sol,2021,291.0,1271.0,1366.0,2437.0,1260.0,1849.0
Ponta do Sol,2022,282.0,1236.0,1409.0,2433.0,1316.0,1862.0
Ponta do Sol,2023,294.0,1220.0,1505.0,2426.0,1385.0,1879.0
Ponte da Barca,2019,368.0,1401.0,1553.0,2923.0,1649.0,3280.0
Ponte da Barca,2020,356.0,1357.0,1569.0,2883.0,1640.0,3320.0
Ponte da Barca,2021,333.0,1318.0,1618.0,2819.0,1638.0,3324.0
Ponte da Barca,2022,354.0,1302.0,1633.0,2837.0,1619.0,3360.0
Ponte da Barca,2023,344.0,1326.0,1639.0,2848.0,1634.0,3387.0
Ponte de Lima,2019,1487.0,5945.0,6387.0,12004.0,5596.0,9877.0
Ponte de Lima,2020,1478.0,5799.0,6458.0,11881.0,5693.0,10030.0
Ponte de Lima,2021,1444.0,5625.0,6457.0,11637.0,5818.0,10160.0
Ponte de Lima,2022,1462.0,5444.0,6540.0,11467.0,5910.0,10243.0
Ponte de Lima,2023,1445.0,5342.0,6654.0,11330.0,6017.0,10342.0
Ponte de Sor,2019,576.0,1873.0,2011.0,3968.0,2476.0,4417.0
Ponte de Sor,2020,581.0,1864.0,2039.0,3942.0,2462.0,4444.0
Ponte de Sor,2021,569.0,1859.0,2033.0,3862.0,2469.0,4471.0
Ponte de Sor,2022,576.0,1855.0,2053.0,3799.0,2422.0,4511.0
Ponte de Sor,2023,555.0,1870.0,2100.0,3766.0,2354.0,4562.0
Portalegre,2019,893.0,3098.0,2922.0,6232.0,3348.0,6145.0
Portalegre,2020,891.0,3028.0,2915.0,6171.0,3322.0,6078.0
Portalegre,2021,849.0,3010.0,2912.0,6060.0,3314.0,6105.0
Portalegre,2022,828.0,2951.0,2895.0,5944.0,3285.0,6149.0
Portalegre,2023,779.0,2935.0,2916.0,5895.0,3179.0,6210.0
Portel,2019,213.0,731.0,760.0,1518.0,811.0,1648.0
Portel,2020,225.0,714.0,818.0,1510.0,822.0,1627.0
Portel,2021,242.0,691.0,863.0,1519.0,840.0,1608.0
Portel,2022,231.0,688.0,881.0,1491.0,855.0,1590.0
Portel,2023,218.0,698.0,900.0,1476.0,855.0,1590.0
Portimão,2019,2942.0,9071.0,9434.0,17619.0,7627.0,12871.0
Portimão,2020,2831.0,9095.0,9429.0,17772.0,7652.0,13330.0
Portimão,2021,2853.0,9130.0,9302.0,17773.0,7673.0,13547.0
Portimão,2022,3010.0,9496.0,9730.0,18189.0,7797.0,13953.0
Portimão,2023,3124.0,9538.0,9995.0,18354.0,7899.0,14169.0
Porto,2019,9244.0,29909.0,44417.0,61804.0,32364.0,59265.0
Porto,2020,9032.0,28827.0,42437.0,60501.0,32163.0,59913.0
Porto,2021,9270.0,28951.0,43187.0,60933.0,32373.0,61289.0
Porto,2022,9676.0,29477.0,45569.0,63002.0,32628.0,62664.0
Porto,2023,9988.0,30210.0,46470.0,65192.0,32986.0,63923.0
Porto Moniz,2019,69.0,303.0,340.0,678.0,385.0,748.0
Porto Moniz,2020,63.0,287.0,341.0,642.0,405.0,738.0
Porto Moniz,2021,53.0,295.0,358.0,627.0,418.0,742.0
Porto Moniz,2022,54.0,296.0,367.0,632.0,412.0,739.0
Porto Moniz,2023,55.0,287.0,392.0,658.0,404.0,732.0
Porto Santo,2019,166.0,767.0,738.0,1679.0,899.0,905.0
Porto Santo,2020,159.0,735.0,764.0,1639.0,930.0,935.0
Porto Santo,2021,154.0,739.0,788.0,1606.0,955.0,967.0
Porto Santo,2022,171.0,747.0,843.0,1624.0,975.0,1000.0
Porto Santo,2023,181.0,753.0,921.0,1645.0,1008.0,1054.0
Porto de Mós,2019,947.0,3263.0,3326.0,6590.0,3270.0,5623.0
Porto de Mós,2020,941.0,3226.0,3492.0,6596.0,3272.0,5779.0
Porto de Mós,2021,927.0,3212.0,3613.0,6572.0,3321.0,5876.0
Porto de Mós,2022,916.0,3219.0,3707.0,6503.0,3348.0,5973.0
Porto de Mós,2023,905.0,3227.0,3876.0,6489.0,3412.0,6089.0
Povoação,2019,241.0,974.0,1070.0,1752.0,820.0,981.0
Povoação,2020,225.0,952.0,1080.0,1729.0,849.0,1013.0
Povoação,2021,224.0,915.0,1088.0,1719.0,889.0,1041.0
Povoação,2022,217.0,888.0,1103.0,1717.0,914.0,1043.0
Povoação,2023,225.0,867.0,1100.0,1699.0,919.0,1057.0
Proença-a-Nova,2019,183.0,699.0,772.0,1607.0,1210.0,2729.0
Proença-a-Nova,2020,179.0,684.0,786.0,1553.0,1223.0,2746.0
Proença-a-Nova,2021,177.0,663.0,836.0,1528.0,1201.0,2726.0
Proença-a-Nova,2022,165.0,683.0,858.0,1512.0,1164.0,2721.0
Proença-a-Nova,2023,154.0,686.0,871.0,1531.0,1126.0,2723.0
Póvoa de Lanhoso,2019,776.0,3235.0,3342.0,6166.0,3388.0,4568.0
Póvoa de Lanhoso,2020,804.0,3208.0,3469.0,6176.0,3448.0,4791.0
Póvoa de Lanhoso,2021,798.0,3145.0,3555.0,6143.0,3472.0,4996.0
Póvoa de Lanhoso,2022,808.0,3086.0,3672.0,6108.0,3460.0,5177.0
Póvoa de Lanhoso,2023,785.0,3042.0,3833.0,6163.0,3481.0,5303.0
Póvoa de Varzim,2019,2587.0,10130.0,10741.0,19214.0,8901.0,12672.0
Póvoa de Varzim,2020,2609.0,9915.0,10859.0,19024.0,9035.0,13080.0
Póvoa de Varzim,2021,2555.0,9774.0,11066.0,18949.0,9170.0,13597.0
Póvoa de Varzim,2022,2599.0,9706.0,11402.0,19113.0,9357.0,14082.0
Póvoa de Varzim,2023,2662.0,9651.0,11884.0,19297.0,9518.0,14513.0
Redondo,2019,240.0,820.0,889.0,1767.0,921.0,1743.0
Redondo,2020,223.0,809.0,900.0,1748.0,917.0,1733.0
Redondo,2021,219.0,809.0,899.0,1725.0,901.0,1736.0
Redondo,2022,225.0,794.0,900.0,1712.0,919.0,1723.0
Redondo,2023,239.0,774.0,939.0,1726.0,902.0,1719.0
Reguengos de Monsaraz,2019,383.0,1383.0,1369.0,2767.0,1420.0,2624.0
Reguengos de Monsaraz,2020,382.0,1360.0,1391.0,2716.0,1451.0,2617.0
Reguengos de Monsaraz,2021,398.0,1348.0,1389.0,2687.0,1436.0,2612.0
Reguengos de Monsaraz,2022,404.0,1347.0,1402.0,2665.0,1420.0,2597.0
Reguengos de Monsaraz,2023,395.0,1346.0,1427.0,2660.0,1429.0,2618.0
Resende,2019,348.0,1382.0,1510.0,2837.0,1596.0,2488.0
Resende,2020,337.0,1341.0,1534.0,2754.0,1611.0,2522.0
Resende,2021,318.0,1284.0,1521.0,2693.0,1584.0,2570.0
Resende,2022,314.0,1256.0,1474.0,2622.0,1603.0,2591.0
Resende,2023,300.0,1210.0,1477.0,2549.0,1616.0,2610.0
Ribeira Brava,2019,516.0,2108.0,1917.0,3833.0,1797.0,2579.0
Ribeira Brava,2020,502.0,2006.0,1964.0,3797.0,1845.0,2633.0
Ribeira Brava,2021,500.0,1958.0,2038.0,3742.0,1893.0,2697.0
Ribeira Brava,2022,469.0,1910.0,2110.0,3687.0,1964.0,2724.0
Ribeira Brava,2023,454.0,1874.0,2261.0,3692.0,2019.0,2780.0
Ribeira Grande,2019,1887.0,6596.0,6523.0,9731.0,3434.0,3235.0
Ribeira Grande,2020,1885.0,6474.0,6523.0,9783.0,3552.0,3335.0
Ribeira Grande,2021,1826.0,6421.0,6512.0,9861.0,3664.0,3475.0
Ribeira Grande,2022,1789.0,6376.0,6551.0,9959.0,3764.0,3602.0
Ribeira Grande,2023,1754.0,6337.0,6580.0,10007.0,3804.0,3798.0
Ribeira de Pena,2019,193.0,723.0,741.0,1448.0,1043.0,1807.0
Ribeira de Pena,2020,186.0,690.0,771.0,1398.0,1030.0,1816.0
Ribeira de Pena,2021,166.0,692.0,753.0,1369.0,1013.0,1866.0
Ribeira de Pena,2022,168.0,679.0,756.0,1375.0,975.0,1883.0
Ribeira de Pena,2023,158.0,659.0,782.0,1398.0,946.0,1918.0
Rio Maior,2019,935.0,3039.0,3389.0,5899.0,2807.0,4918.0
Rio Maior,2020,952.0,3011.0,3395.0,5934.0,2841.0,5040.0
Rio Maior,2021,971.0,3035.0,3504.0,6000.0,2895.0,5154.0
Rio Maior,2022,978.0,3066.0,3637.0,6085.0,2977.0,5210.0
Rio Maior,2023,979.0,3121.0,3734.0,6166.0,3012.0,5303.0
Sabrosa,2019,153.0,644.0,703.0,1328.0,928.0,1784.0
Sabrosa,2020,161.0,645.0,722.0,1328.0,911.0,1796.0
Sabrosa,2021,155.0,624.0,742.0,1325.0,876.0,1847.0
Sabrosa,2022,160.0,609.0,773.0,1343.0,835.0,1878.0
Sabrosa,2023,154.0,602.0,798.0,1354.0,845.0,1881.0
Sabugal,2019,268.0,920.0,1059.0,2186.0,1825.0,5063.0
Sabugal,2020,284.0,906.0,1108.0,2189.0,1801.0,5102.0
Sabugal,2021,274.0,915.0,1153.0,2164.0,1755.0,5093.0
Sabugal,2022,264.0,916.0,1168.0,2150.0,1691.0,5020.0
Sabugal,2023,255.0,943.0,1275.0,2175.0,1639.0,4983.0
Salvaterra de Magos,2019,802.0,3026.0,2821.0,5858.0,2970.0,5765.0
Salvaterra de Magos,2020,820.0,3043.0,2969.0,5975.0,3074.0,5868.0
Salvaterra de Magos,2021,850.0,3096.0,3220.0,6047.0,3129.0,5954.0
Salvaterra de Magos,2022,885.0,3132.0,3466.0,6145.0,3189.0,6046.0
Salvaterra de Magos,2023,925.0,3152.0,3669.0,6225.0,3219.0,6147.0
Santa Comba Dão,2019,358.0,1322.0,1316.0,2674.0,1558.0,3434.0
Santa Comba Dão,2020,353.0,1331.0,1333.0,2677.0,1543.0,3500.0
Santa Comba Dão,2021,376.0,1313.0,1389.0,2663.0,1519.0,3529.0
Santa Comba Dão,2022,363.0,1312.0,1432.0,2644.0,1515.0,3538.0
Santa Comba Dão,2023,344.0,1289.0,1530.0,2678.0,1504.0,3580.0
Santa Cruz,2019,2067.0,7148.0,6515.0,14848.0,5463.0,5821.0
Santa Cruz,2020,2002.0,7058.0,6716.0,14793.0,5677.0,6122.0
Santa Cruz,2021,1973.0,7013.0,6900.0,14759.0,5962.0,6357.0
Santa Cruz,2022,1899.0,7034.0,7052.0,14714.0,6243.0,6593.0
Santa Cruz,2023,1853.0,6997.0,7282.0,14736.0,6474.0,6836.0
Santa Cruz da Graciosa,2019,198.0,622.0,688.0,1130.0,603.0,867.0
Santa Cruz da Graciosa,2020,194.0,615.0,692.0,1106.0,615.0,873.0
Santa Cruz da Graciosa,2021,189.0,602.0,687.0,1137.0,588.0,906.0
Santa Cruz da Graciosa,2022,190.0,604.0,695.0,1139.0,602.0,882.0
Santa Cruz da Graciosa,2023,190.0,607.0,672.0,1152.0,591.0,888.0
Santa Cruz das Flores,2019,89.0,285.0,315.0,654.0,296.0,384.0
Santa Cruz das Flores,2020,88.0,295.0,324.0,644.0,294.0,383.0
Santa Cruz das Flores,2021,92.0,284.0,352.0,666.0,284.0,397.0
Santa Cruz das Flores,2022,84.0,282.0,351.0,667.0,293.0,392.0
Santa Cruz das Flores,2023,74.0,294.0,362.0,671.0,289.0,408.0
Santa Maria da Feira,2019,5542.0,19746.0,22136.0,41251.0,20599.0,27421.0
Santa Maria da Feira,2020,5589.0,19272.0,22463.0,40657.0,20899.0,28344.0
Santa Maria da Feira,2021,5368.0,19062.0,22368.0,39944.0,21323.0,29303.0
Santa Maria da Feira,2022,5355.0,18889.0,22622.0,39699.0,21583.0,30405.0
Santa Maria da Feira,2023,5325.0,18719.0,23039.0,39374.0,21768.0,31612.0
Santa Marta de Penaguião,2019,167.0,704.0,747.0,1596.0,1057.0,1896.0
Santa Marta de Penaguião,2020,176.0,671.0,764.0,1533.0,1049.0,1917.0
Santa Marta de Penaguião,2021,157.0,654.0,779.0,1502.0,1019.0,1928.0
Santa Marta de Penaguião,2022,144.0,627.0,815.0,1457.0,1006.0,1944.0
Santa Marta de Penaguião,2023,137.0,608.0,854.0,1432.0,960.0,1992.0
Santana,2019,223.0,823.0,864.0,1788.0,1134.0,1834.0
Santana,2020,209.0,796.0,868.0,1695.0,1155.0,1858.0
Santana,2021,202.0,770.0,875.0,1662.0,1139.0,1879.0
Santana,2022,193.0,751.0,875.0,1624.0,1134.0,1880.0
Santana,2023,186.0,733.0,913.0,1643.0,1111.0,1902.0
Santarém,2019,2325.0,8619.0,8000.0,16345.0,8080.0,15195.0
Santarém,2020,2324.0,8576.0,8211.0,16302.0,8191.0,15408.0
Santarém,2021,2292.0,8582.0,8628.0,16326.0,8306.0,15630.0
Santarém,2022,2349.0,8533.0,8952.0,16359.0,8363.0,15779.0
Santarém,2023,2344.0,8541.0,9282.0,16417.0,8425.0,16000.0
Santiago do Cacém,2019,1108.0,3575.0,3565.0,7322.0,4360.0,7895.0
Santiago do Cacém,2020,1113.0,3572.0,3613.0,7297.0,4301.0,8038.0
Santiago do Cacém,2021,1089.0,3609.0,3630.0,7380.0,4191.0,8140.0
Santiago do Cacém,2022,1092.0,3656.0,3627.0,7437.0,4011.0,8303.0
Santiago do Cacém,2023,1054.0,3688.0,3707.0,7502.0,3849.0,8446.0
Santo Tirso,2019,2364.0,8664.0,10741.0,19534.0,10570.0,16214.0
Santo Tirso,2020,2409.0,8446.0,10711.0,19301.0,10617.0,16503.0
Santo Tirso,2021,2351.0,8190.0,10644.0,18894.0,10661.0,16923.0
Santo Tirso,2022,2338.0,8018.0,10623.0,18646.0,10767.0,17313.0
Santo Tirso,2023,2276.0,7931.0,10668.0,18389.0,10875.0,17687.0
Sardoal,2019,99.0,391.0,429.0,927.0,564.0,1140.0
Sardoal,2020,94.0,379.0,446.0,907.0,576.0,1121.0
Sardoal,2021,93.0,374.0,490.0,896.0,576.0,1123.0
Sardoal,2022,93.0,372.0,513.0,908.0,566.0,1119.0
Sardoal,2023,99.0,365.0,547.0,938.0,550.0,1126.0
Seia,2019,693.0,2376.0,2586.0,5394.0,3603.0,7338.0
Seia,2020,653.0,2358.0,2576.0,5288.0,3534.0,7477.0
Seia,2021,638.0,2338.0,2593.0,5156.0,3443.0,7541.0
Seia,2022,585.0,2306.0,2596.0,5038.0,3386.0,7529.0
Seia,2023,567.0,2316.0,2666.0,4967.0,3331.0,7594.0
Seixal,2019,8019.0,26085.0,27023.0,47912.0,21024.0,34238.0
Seixal,2020,8159.0,25943.0,28039.0,48440.0,21057.0,35648.0
Seixal,2021,8047.0,25822.0,28133.0,48298.0,21129.0,36674.0
Seixal,2022,8124.0,26089.0,28307.0,48655.0,21270.0,37758.0
Seixal,2023,8350.0,26393.0,28890.0,49253.0,21420.0,38857.0
Sernancelhe,2019,150.0,648.0,705.0,1370.0,995.0,1749.0
Sernancelhe,2020,167.0,607.0,742.0,1340.0,998.0,1802.0
Sernancelhe,2021,164.0,588.0,798.0,1312.0,1016.0,1821.0
Sernancelhe,2022,150.0,570.0,847.0,1314.0,1004.0,1853.0
Sernancelhe,2023,141.0,583.0,870.0,1327.0,1000.0,1872.0
Serpa,2019,519.0,1757.0,1813.0,3611.0,2240.0,3874.0
Serpa,2020,543.0,1729.0,1877.0,3531.0,2262.0,3902.0
Serpa,2021,532.0,1707.0,1933.0,3454.0,2261.0,3880.0
Serpa,2022,544.0,1683.0,1962.0,3390.0,2272.0,3894.0
Serpa,2023,557.0,1677.0,2021.0,3328.0,2235.0,3913.0
Sertã,2019,474.0,1873.0,1845.0,3689.0,2319.0,4518.0
Sertã,2020,500.0,1836.0,1904.0,3675.0,2320.0,4604.0
Sertã,2021,466.0,1820.0,1976.0,3588.0,2351.0,4671.0
Sertã,2022,455.0,1772.0,2069.0,3523.0,2327.0,4720.0
Sertã,2023,429.0,1759.0,2146.0,3486.0,2320.0,4760.0
Sesimbra,2019,2431.0,8560.0,7767.0,16010.0,6577.0,10290.0
Sesimbra,2020,2495.0,8549.0,8052.0,16218.0,6710.0,10666.0
Sesimbra,2021,2445.0,8606.0,8250.0,16292.0,6810.0,10993.0
Sesimbra,2022,2480.0,8735.0,8613.0,16498.0,7006.0,11280.0
Sesimbra,2023,2461.0,8822.0,8852.0,16677.0,7161.0,11531.0
Setúbal,2019,5482.0,19683.0,18922.0,35733.0,15860.0,27919.0
Setúbal,2020,5457.0,19448.0,19071.0,35797.0,15989.0,28521.0
Setúbal,2021,5225.0,19214.0,18708.0,35203.0,15948.0,28830.0
Setúbal,2022,5171.0,19087.0,18861.0,34908.0,15903.0,29332.0
Setúbal,2023,5181.0,18927.0,19043.0,34686.0,15850.0,29861.0
Sever do Vouga,2019,347.0,1423.0,1458.0,2996.0,1690.0,3255.0
Sever do Vouga,2020,343.0,1357.0,1494.0,2939.0,1700.0,3255.0
Sever do Vouga,2021,336.0,1336.0,1470.0,2906.0,1672.0,3293.0
Sever do Vouga,2022,341.0,1289.0,1463.0,2849.0,1650.0,3323.0
Sever do Vouga,2023,359.0,1260.0,1540.0,2778.0,1653.0,3354.0
Silves,2019,1666.0,5262.0,5400.0,10609.0,5300.0,9048.0
Silves,2020,1697.0,5317.0,5443.0,10774.0,5362.0,9340.0
Silves,2021,1719.0,5380.0,5500.0,10788.0,5367.0,9485.0
Silves,2022,1748.0,5499.0,5695.0,10937.0,5416.0,9659.0
Silves,2023,1759.0,5593.0,5870.0,11057.0,5407.0,9811.0
Sines,2019,684.0,2098.0,2160.0,4119.0,2086.0,3060.0
Sines,2020,660.0,2110.0,2155.0,4122.0,2044.0,3191.0
Sines,2021,670.0,2133.0,2171.0,4155.0,2061.0,3279.0
Sines,2022,667.0,2183.0,2174.0,4207.0,2059.0,3355.0
Sines,2023,675.0,2191.0,2208.0,4228.0,2021.0,3448.0
Sintra,2019,18978.0,63592.0,70743.0,117455.0,47392.0,66087.0
Sintra,2020,19212.0,62141.0,71991.0,116476.0,48866.0,68471.0
Sintra,2021,19101.0,61074.0,71492.0,114800.0,50417.0,70351.0
Sintra,2022,19526.0,60696.0,71925.0,113989.0,52095.0,72435.0
Sintra,2023,19960.0,60770.0,72465.0,113909.0,53761.0,74663.0
Sobral de Monte Agraço,2019,463.0,1782.0,1472.0,3236.0,1307.0,2133.0
Sobral de Monte Agraço,2020,498.0,1766.0,1563.0,3297.0,1325.0,2197.0
Sobral de Monte Agraço,2021,500.0,1809.0,1763.0,3427.0,1375.0,2251.0
Sobral de Monte Agraço,2022,513.0,1848.0,1857.0,3504.0,1434.0,2312.0
Sobral de Monte Agraço,2023,533.0,1887.0,2012.0,3583.0,1509.0,2355.0
Soure,2019,522.0,2011.0,2049.0,4457.0,2560.0,5721.0
Soure,2020,540.0,1999.0,2100.0,4386.0,2548.0,5739.0
Soure,2021,516.0,1989.0,2142.0,4323.0,2516.0,5793.0
Soure,2022,507.0,1965.0,2160.0,4261.0,2455.0,5800.0
Soure,2023,468.0,1974.0,2251.0,4248.0,2425.0,5872.0
Sousel,2019,167.0,533.0,504.0,1125.0,585.0,1472.0
Sousel,2020,163.0,524.0,540.0,1139.0,582.0,1446.0
Sousel,2021,164.0,530.0,573.0,1149.0,608.0,1400.0
Sousel,2022,152.0,542.0,591.0,1135.0,605.0,1369.0
Sousel,2023,149.0,546.0,617.0,1149.0,601.0,1339.0
Sátão,2019,378.0,1412.0,1485.0,2782.0,1683.0,3285.0
Sátão,2020,366.0,1374.0,1520.0,2757.0,1686.0,3363.0
Sátão,2021,357.0,1335.0,1572.0,2699.0,1655.0,3410.0
Sátão,2022,345.0,1332.0,1584.0,2707.0,1610.0,3458.0
Sátão,2023,350.0,1325.0,1635.0,2717.0,1630.0,3481.0
São Brás de Alportel,2019,498.0,1562.0,1508.0,3246.0,1474.0,2817.0
São Brás de Alportel,2020,482.0,1594.0,1591.0,3253.0,1459.0,2922.0
São Brás de Alportel,2021,496.0,1578.0,1596.0,3248.0,1487.0,2952.0
São Brás de Alportel,2022,492.0,1605.0,1634.0,3249.0,1540.0,2977.0
São Brás de Alportel,2023,492.0,1625.0,1675.0,3257.0,1553.0,3002.0
São João da Madeira,2019,802.0,3196.0,3664.0,6594.0,3314.0,4667.0
São João da Madeira,2020,797.0,3102.0,3633.0,6468.0,3378.0,4872.0
São João da Madeira,2021,821.0,3118.0,3790.0,6517.0,3473.0,5070.0
São João da Madeira,2022,833.0,3118.0,3960.0,6616.0,3531.0,5290.0
São João da Madeira,2023,818.0,3167.0,4088.0,6715.0,3562.0,5513.0
São João da Pesqueira,2019,205.0,899.0,947.0,1824.0,1139.0,1875.0
São João da Pesqueira,2020,215.0,863.0,960.0,1792.0,1158.0,1865.0
São João da Pesqueira,2021,211.0,836.0,974.0,1760.0,1147.0,1886.0
São João da Pesqueira,2022,207.0,825.0,966.0,1728.0,1137.0,1913.0
São João da Pesqueira,2023,196.0,809.0,977.0,1732.0,1107.0,1951.0
São Pedro do Sul,2019,452.0,1893.0,1909.0,3690.0,2383.0,4851.0
São Pedro do Sul,2020,467.0,1837.0,1958.0,3633.0,2367.0,4936.0
São Pedro do Sul,2021,437.0,1801.0,2031.0,3580.0,2323.0,5005.0
São Pedro do Sul,2022,411.0,1755.0,2067.0,3533.0,2259.0,5041.0
São Pedro do Sul,2023,403.0,1730.0,2219.0,3544.0,2220.0,5081.0
São Roque do Pico,2019,135.0,428.0,531.0,960.0,495.0,673.0
São Roque do Pico,2020,140.0,420.0,529.0,935.0,522.0,680.0
São Roque do Pico,2021,130.0,429.0,556.0,959.0,519.0,699.0
São Roque do Pico,2022,131.0,432.0,557.0,1007.0,508.0,723.0
São Roque do Pico,2023,133.0,435.0,556.0,1041.0,501.0,745.0
São Vicente,2019,154.0,626.0,668.0,1277.0,835.0,1296.0
São Vicente,2020,156.0,619.0,691.0,1246.0,842.0,1333.0
São Vicente,2021,145.0,612.0,706.0,1226.0,844.0,1330.0
São Vicente,2022,133.0,596.0,730.0,1234.0,816.0,1358.0
São Vicente,2023,150.0,602.0,768.0,1254.0,824.0,1374.0
Tabuaço,2019,130.0,565.0,637.0,1217.0,927.0,1514.0
Tabuaço,2020,138.0,557.0,659.0,1177.0,923.0,1569.0
Tabuaço,2021,137.0,531.0,691.0,1177.0,879.0,1624.0
Tabuaço,2022,149.0,520.0,713.0,1165.0,848.0,1648.0
Tabuaço,2023,150.0,501.0,738.0,1145.0,834.0,1684.0
Tarouca,2019,289.0,1065.0,1005.0,2056.0,1148.0,1753.0
Tarouca,2020,281.0,1026.0,1050.0,2023.0,1177.0,1793.0
Tarouca,2021,257.0,1018.0,1086.0,1994.0,1195.0,1831.0
Tarouca,2022,250.0,1025.0,1121.0,1985.0,1204.0,1893.0
Tarouca,2023,246.0,1030.0,1189.0,1995.0,1224.0,1931.0
Tavira,2019,1034.0,3514.0,3510.0,7436.0,4159.0,7716.0
Tavira,2020,1030.0,3490.0,3595.0,7426.0,4134.0,8019.0
Tavira,2021,1010.0,3464.0,3544.0,7298.0,4030.0,8178.0
Tavira,2022,994.0,3494.0,3592.0,7264.0,4041.0,8288.0
Tavira,2023,994.0,3525.0,3684.0,7269.0,3987.0,8402.0
Terras de Bouro,2019,191.0,849.0,851.0,1665.0,1039.0,1820.0
Terras de Bouro,2020,201.0,821.0,852.0,1638.0,1043.0,1850.0
Terras de Bouro,2021,189.0,796.0,876.0,1597.0,1049.0,1861.0
Terras de Bouro,2022,179.0,782.0,910.0,1583.0,1021.0,1891.0
Terras de Bouro,2023,177.0,752.0,954.0,1587.0,974.0,1944.0
Tomar,2019,1184.0,4585.0,4859.0,9316.0,5790.0,10944.0
Tomar,2020,1182.0,4485.0,4940.0,9127.0,5805.0,11101.0
Tomar,2021,1140.0,4445.0,5012.0,8945.0,5782.0,11222.0
Tomar,2022,1144.0,4352.0,5134.0,8778.0,5712.0,11337.0
Tomar,2023,1125.0,4401.0,5390.0,8793.0,5717.0,11433.0
Tondela,2019,812.0,3089.0,3440.0,6531.0,3947.0,8229.0
Tondela,2020,813.0,3022.0,3590.0,6413.0,3963.0,8289.0
Tondela,2021,797.0,2958.0,3590.0,6331.0,3923.0,8300.0
Tondela,2022,772.0,2925.0,3573.0,6215.0,3851.0,8316.0
Tondela,2023,793.0,2889.0,3696.0,6244.0,3813.0,8389.0
Torre de Moncorvo,2019,184.0,585.0,752.0,1478.0,1155.0,2805.0
Torre de Moncorvo,2020,193.0,573.0,755.0,1426.0,1134.0,2752.0
Torre de Moncorvo,2021,196.0,562.0,755.0,1408.0,1084.0,2777.0
Torre de Moncorvo,2022,192.0,575.0,750.0,1403.0,1059.0,2764.0
Torre de Moncorvo,2023,192.0,564.0,773.0,1408.0,1015.0,2785.0
Torres Novas,2019,1289.0,4739.0,4448.0,9272.0,4994.0,9535.0
Torres Novas,2020,1294.0,4669.0,4546.0,9151.0,5031.0,9668.0
Torres Novas,2021,1211.0,4625.0,4615.0,9064.0,5087.0,9736.0
Torres Novas,2022,1206.0,4616.0,4681.0,9031.0,5029.0,9837.0
Torres Novas,2023,1173.0,4636.0,4929.0,8986.0,5102.0,9893.0
Torres Vedras,2019,3450.0,12218.0,12817.0,24239.0,10768.0,18381.0
Torres Vedras,2020,3628.0,12188.0,13288.0,24489.0,11048.0,18894.0
Torres Vedras,2021,3684.0,12200.0,13751.0,24669.0,11340.0,19293.0
Torres Vedras,2022,3684.0,12279.0,14147.0,24799.0,11609.0,19584.0
Torres Vedras,2023,3800.0,12300.0,14921.0,25087.0,11920.0,19992.0
Trancoso,2019,234.0,910.0,961.0,2053.0,1360.0,2988.0
Trancoso,2020,237.0,868.0,955.0,2035.0,1334.0,3040.0
Trancoso,2021,230.0,852.0,957.0,1982.0,1325.0,3051.0
Trancoso,2022,236.0,828.0,951.0,1948.0,1276.0,3050.0
Trancoso,2023,215.0,843.0,983.0,1934.0,1251.0,3087.0
Trofa,2019,1593.0,5501.0,6965.0,11653.0,5546.0,7298.0
Trofa,2020,1627.0,5384.0,6865.0,11532.0,5662.0,7589.0
Trofa,2021,1623.0,5310.0,6938.0,11480.0,5756.0,7895.0
Trofa,2022,1580.0,5319.0,7021.0,11562.0,5891.0,8207.0
Trofa,2023,1574.0,5320.0,7081.0,11577.0,5980.0,8465.0
Tábua,2019,398.0,1443.0,1486.0,2898.0,1634.0,3288.0
Tábua,2020,402.0,1448.0,1521.0,2867.0,1671.0,3357.0
Tábua,2021,395.0,1437.0,1596.0,2876.0,1645.0,3398.0
Tábua,2022,394.0,1407.0,1661.0,2843.0,1661.0,3444.0
Tábua,2023,402.0,1421.0,1751.0,2863.0,1680.0,3485.0
Vagos,2019,1037.0,3272.0,3613.0,6404.0,3077.0,5392.0
Vagos,2020,1046.0,3255.0,3666.0,6391.0,3163.0,5513.0
Vagos,2021,1036.0,3259.0,3748.0,6449.0,3257.0,5652.0
Vagos,2022,1041.0,3275.0,3830.0,6529.0,3284.0,5769.0
Vagos,2023,1051.0,3377.0,4042.0,6741.0,3321.0,5920.0
Vale de Cambra,2019,710.0,2630.0,3066.0,5902.0,3246.0,5771.0
Vale de Cambra,2020,729.0,2583.0,3049.0,5851.0,3215.0,5918.0
Vale de Cambra,2021,715.0,2512.0,3078.0,5739.0,3163.0,6082.0
Vale de Cambra,2022,703.0,2475.0,3057.0,5666.0,3174.0,6169.0
Vale de Cambra,2023,686.0,2428.0,3089.0,5602.0,3192.0,6254.0
Valença,2019,524.0,1822.0,2103.0,3764.0,1834.0,3545.0
Valença,2020,510.0,1822.0,2108.0,3795.0,1858.0,3603.0
Valença,2021,510.0,1805.0,2162.0,3791.0,1887.0,3647.0
Valença,2022,501.0,1835.0,2177.0,3805.0,1930.0,3684.0
Valença,2023,505.0,1857.0,2246.0,3859.0,1918.0,3774.0
Valongo,2019,4165.0,14319.0,15823.0,29453.0,12982.0,17677.0
Valongo,2020,4171.0,14107.0,16135.0,29260.0,13174.0,18171.0
Valongo,2021,4187.0,14107.0,16526.0,29401.0,13427.0,19001.0
Valongo,2022,4120.0,14095.0,17041.0,29669.0,13704.0,19781.0
Valongo,2023,4103.0,14226.0,17377.0,30011.0,13901.0,20548.0
Valpaços,2019,375.0,1442.0,1485.0,3177.0,2517.0,5866.0
Valpaços,2020,394.0,1409.0,1525.0,3078.0,2462.0,5902.0
Valpaços,2021,356.0,1396.0,1524.0,2968.0,2392.0,5949.0
Valpaços,2022,360.0,1376.0,1540.0,2965.0,2349.0,5967.0
Valpaços,2023,350.0,1368.0,1660.0,2937.0,2270.0,6005.0
Velas,2019,186.0,704.0,792.0,1540.0,743.0,1017.0
Velas,2020,198.0,674.0,794.0,1513.0,749.0,1023.0
Velas,2021,189.0,675.0,791.0,1512.0,755.0,1029.0
Velas,2022,184.0,668.0,795.0,1514.0,751.0,1039.0
Velas,2023,178.0,665.0,799.0,1496.0,762.0,1052.0
Vendas Novas,2019,413.0,1581.0,1445.0,3140.0,1305.0,3327.0
Vendas Novas,2020,413.0,1572.0,1525.0,3093.0,1352.0,3330.0
Vendas Novas,2021,401.0,1572.0,1576.0,3095.0,1365.0,3354.0
Vendas Novas,2022,410.0,1586.0,1638.0,3075.0,1395.0,3347.0
Vendas Novas,2023,432.0,1564.0,1706.0,3056.0,1436.0,3343.0
Viana do Alentejo,2019,233.0,748.0,776.0,1411.0,788.0,1419.0
Viana do Alentejo,2020,251.0,722.0,787.0,1409.0,795.0,1444.0
Viana do Alentejo,2021,242.0,738.0,813.0,1427.0,834.0,1389.0
Viana do Alentejo,2022,239.0,741.0,851.0,1465.0,807.0,1396.0
Viana do Alentejo,2023,235.0,756.0,880.0,1477.0,791.0,1399.0
Viana do Castelo,2019,3378.0,11540.0,12847.0,24471.0,12794.0,20783.0
Viana do Castelo,2020,3353.0,11405.0,12914.0,24288.0,12860.0,21356.0
Viana do Castelo,2021,3196.0,11312.0,12868.0,23890.0,12836.0,21904.0
Viana do Castelo,2022,3170.0,11209.0,12907.0,23704.0,12802.0,22463.0
Viana do Castelo,2023,3112.0,11166.0,13127.0,23548.0,12810.0,23017.0
Vidigueira,2019,228.0,702.0,756.0,1321.0,782.0,1455.0
Vidigueira,2020,227.0,684.0,747.0,1330.0,766.0,1457.0
Vidigueira,2021,224.0,691.0,778.0,1345.0,755.0,1425.0
Vidigueira,2022,233.0,696.0,812.0,1349.0,752.0,1399.0
Vidigueira,2023,230.0,686.0,839.0,1377.0,736.0,1361.0
Vieira do Minho,2019,344.0,1478.0,1672.0,3125.0,2024.0,3414.0
Vieira do Minho,2020,345.0,1409.0,1689.0,3040.0,2043.0,3539.0
Vieira do Minho,2021,337.0,1367.0,1706.0,2986.0,2006.0,3596.0
Vieira do Minho,2022,339.0,1308.0,1751.0,2940.0,1979.0,3663.0
Vieira do Minho,2023,351.0,1285.0,1803.0,2921.0,1909.0,3797.0
Vila Flor,2019,177.0,647.0,656.0,1513.0,1006.0,2104.0
Vila Flor,2020,185.0,629.0,687.0,1485.0,965.0,2150.0
Vila Flor,2021,179.0,606.0,709.0,1464.0,939.0,2159.0
Vila Flor,2022,175.0,594.0,755.0,1442.0,895.0,2167.0
Vila Flor,2023,168.0,596.0,799.0,1410.0,899.0,2167.0
Vila Franca de Xira,2019,6911.0,22775.0,22914.0,43372.0,17287.0,24557.0
Vila Franca de Xira,2020,6911.0,22400.0,23160.0,43062.0,17342.0,25316.0
Vila Franca de Xira,2021,6660.0,22254.0,22702.0,42598.0,17516.0,25951.0
Vila Franca de Xira,2022,6588.0,22255.0,22613.0,42507.0,17775.0,26726.0
Vila Franca de Xira,2023,6549.0,22229.0,22682.0,42476.0,18033.0,27483.0
Vila Franca do Campo,2019,472.0,1794.0,2089.0,3186.0,1351.0,1481.0
Vila Franca do Campo,2020,442.0,1770.0,2088.0,3144.0,1411.0,1523.0
Vila Franca do Campo,2021,416.0,1731.0,2082.0,3127.0,1415.0,1589.0
Vila Franca do Campo,2022,424.0,1708.0,2053.0,3147.0,1430.0,1626.0
Vila Franca do Campo,2023,435.0,1664.0,2042.0,3079.0,1488.0,1690.0
Vila Nova da Barquinha,2019,264.0,979.0,910.0,1893.0,967.0,1929.0
Vila Nova da Barquinha,2020,300.0,991.0,974.0,1916.0,973.0,1933.0
Vila Nova da Barquinha,2021,306.0,995.0,1067.0,1942.0,1020.0,1962.0
Vila Nova da Barquinha,2022,297.0,1035.0,1144.0,1968.0,1047.0,2010.0
Vila Nova da Barquinha,2023,308.0,1068.0,1238.0,2035.0,1087.0,2047.0
Vila Nova de Cerveira,2019,330.0,1199.0,1355.0,2488.0,1183.0,2352.0
Vila Nova de Cerveira,2020,339.0,1167.0,1363.0,2499.0,1167.0,2398.0
Vila Nova de Cerveira,2021,334.0,1156.0,1408.0,2494.0,1200.0,2414.0
Vila Nova de Cerveira,2022,342.0,1168.0,1458.0,2564.0,1192.0,2467.0
Vila Nova de Cerveira,2023,327.0,1174.0,1514.0,2587.0,1215.0,2510.0
Vila Nova de Famalicão,2019,5618.0,19609.0,22769.0,41263.0,18904.0,25029.0
Vila Nova de Famalicão,2020,5699.0,19140.0,23150.0,40837.0,19265.0,25976.0
Vila Nova de Famalicão,2021,5564.0,18761.0,23055.0,40013.0,19704.0,26987.0
Vila Nova de Famalicão,2022,5526.0,18554.0,23228.0,39631.0,20110.0,28019.0
Vila Nova de Famalicão,2023,5449.0,18404.0,23421.0,39318.0,20393.0,29009.0
Vila Nova de Foz Côa,2019,177.0,631.0,731.0,1510.0,1051.0,2274.0
Vila Nova de Foz Côa,2020,170.0,611.0,751.0,1477.0,1046.0,2285.0
Vila Nova de Foz Côa,2021,171.0,603.0,763.0,1458.0,1008.0,2295.0
Vila Nova de Foz Côa,2022,172.0,596.0,802.0,1454.0,993.0,2301.0
Vila Nova de Foz Côa,2023,159.0,610.0,836.0,1457.0,964.0,2343.0
Vila Nova de Gaia,2019,12761.0,44260.0,49509.0,92212.0,43599.0,62327.0
Vila Nova de Gaia,2020,12646.0,43104.0,49748.0,90818.0,44289.0,64347.0
Vila Nova de Gaia,2021,12421.0,42614.0,49798.0,89525.0,45000.0,66548.0
Vila Nova de Gaia,2022,12272.0,42402.0,50431.0,89221.0,45617.0,68598.0
Vila Nova de Gaia,2023,12185.0,42274.0,51132.0,88906.0,45985.0,70741.0
Vila Nova de Paiva,2019,147.0,575.0,608.0,1126.0,741.0,1470.0
Vila Nova de Paiva,2020,139.0,562.0,630.0,1098.0,735.0,1535.0
Vila Nova de Paiva,2021,141.0,532.0,665.0,1098.0,727.0,1522.0
Vila Nova de Paiva,2022,120.0,539.0,685.0,1084.0,716.0,1546.0
Vila Nova de Paiva,2023,123.0,541.0,730.0,1100.0,711.0,1548.0
Vila Nova de Poiares,2019,236.0,893.0,977.0,1991.0,988.0,1733.0
Vila Nova de Poiares,2020,218.0,883.0,1006.0,1973.0,1012.0,1787.0
Vila Nova de Poiares,2021,212.0,898.0,1043.0,1983.0,1043.0,1822.0
Vila Nova de Poiares,2022,217.0,909.0,1073.0,1985.0,1037.0,1834.0
Vila Nova de Poiares,2023,218.0,916.0,1108.0,1997.0,1036.0,1865.0
Vila Pouca de Aguiar,2019,317.0,1241.0,1373.0,2828.0,2133.0,3979.0
Vila Pouca de Aguiar,2020,309.0,1216.0,1442.0,2704.0,2125.0,4071.0
Vila Pouca de Aguiar,2021,305.0,1169.0,1458.0,2641.0,2090.0,4130.0
Vila Pouca de Aguiar,2022,287.0,1145.0,1509.0,2552.0,2089.0,4171.0
Vila Pouca de Aguiar,2023,260.0,1149.0,1560.0,2544.0,2024.0,4235.0
Vila Real,2019,1927.0,7089.0,7344.0,14940.0,7364.0,11234.0
Vila Real,2020,1852.0,6900.0,7312.0,14649.0,7506.0,11534.0
Vila Real,2021,1776.0,6762.0,7272.0,14362.0,7608.0,11819.0
Vila Real,2022,1746.0,6651.0,7360.0,14178.0,7627.0,12100.0
Vila Real,2023,1729.0,6523.0,7571.0,14026.0,7773.0,12306.0
Vila Real de Santo António,2019,824.0,2859.0,2613.0,5144.0,2710.0,4757.0
Vila Real de Santo António,2020,795.0,2850.0,2642.0,5125.0,2681.0,4880.0
Vila Real de Santo António,2021,755.0,2836.0,2672.0,5081.0,2632.0,4942.0
Vila Real de Santo António,2022,733.0,2857.0,2788.0,5114.0,2611.0,5052.0
Vila Real de Santo António,2023,737.0,2854.0,2889.0,5104.0,2571.0,5159.0
Vila Velha de Ródão,2019,96.0,242.0,307.0,630.0,460.0,1490.0
Vila Velha de Ródão,2020,104.0,259.0,327.0,636.0,460.0,1530.0
Vila Velha de Ródão,2021,114.0,294.0,365.0,670.0,459.0,1529.0
Vila Velha de Ródão,2022,111.0,304.0,391.0,711.0,434.0,1516.0
Vila Velha de Ródão,2023,107.0,339.0,402.0,740.0,429.0,1498.0
Vila Verde,2019,1906.0,7145.0,7509.0,13556.0,6101.0,9789.0
Vila Verde,2020,1970.0,7041.0,7661.0,13602.0,6299.0,10052.0
Vila Verde,2021,1941.0,6917.0,7834.0,13562.0,6324.0,10367.0
Vila Verde,2022,1952.0,6843.0,8024.0,13689.0,6441.0,10572.0
Vila Verde,2023,1947.0,6782.0,8279.0,13795.0,6549.0,10798.0
Vila Viçosa,2019,254.0,950.0,992.0,2122.0,1223.0,1922.0
Vila Viçosa,2020,260.0,929.0,994.0,2066.0,1257.0,1903.0
Vila Viçosa,2021,255.0,909.0,1015.0,2031.0,1227.0,1945.0
Vila Viçosa,2022,237.0,890.0,1023.0,1948.0,1234.0,1990.0
Vila Viçosa,2023,228.0,888.0,1029.0,1918.0,1228.0,2009.0
Vila da Praia da Vitória,2019,888.0,2903.0,3438.0,5839.0,2982.0,3473.0
Vila da Praia da Vitória,2020,892.0,2869.0,3416.0,5796.0,3034.0,3515.0
Vila da Praia da Vitória,2021,880.0,2863.0,3398.0,5792.0,3021.0,3666.0
Vila da Praia da Vitória,2022,840.0,2851.0,3388.0,5810.0,3022.0,3757.0
Vila da Praia da Vitória,2023,798.0,2835.0,3371.0,5844.0,3009.0,3883.0
Vila de Rei,2019,94.0,342.0,364.0,677.0,425.0,1339.0
Vila de Rei,2020,96.0,326.0,405.0,677.0,436.0,1357.0
Vila de Rei,2021,105.0,342.0,458.0,699.0,447.0,1334.0
Vila de Rei,2022,114.0,341.0,482.0,727.0,429.0,1311.0
Vila de Rei,2023,118.0,350.0,502.0,765.0,417.0,1290.0
Vila do Bispo,2019,238.0,718.0,775.0,1594.0,805.0,1455.0
Vila do Bispo,2020,245.0,742.0,774.0,1610.0,828.0,1557.0
Vila do Bispo,2021,251.0,769.0,766.0,1604.0,838.0,1577.0
Vila do Bispo,2022,263.0,793.0,766.0,1630.0,842.0,1583.0
Vila do Bispo,2023,260.0,797.0,799.0,1646.0,833.0,1600.0
Vila do Conde,2019,3647.0,12306.0,12872.0,24945.0,11128.0,15804.0
Vila do Conde,2020,3625.0,12178.0,12895.0,24771.0,11397.0,16370.0
Vila do Conde,2021,3507.0,12271.0,13046.0,24749.0,11642.0,16866.0
Vila do Conde,2022,3496.0,12295.0,13467.0,24902.0,11875.0,17497.0
Vila do Conde,2023,3427.0,12351.0,13857.0,25136.0,12032.0,18069.0
Vila do Porto,2019,258.0,886.0,924.0,1632.0,791.0,882.0
Vila do Porto,2020,261.0,863.0,956.0,1637.0,781.0,927.0
Vila do Porto,2021,259.0,858.0,995.0,1622.0,802.0,946.0
Vila do Porto,2022,235.0,868.0,1022.0,1608.0,804.0,972.0
Vila do Porto,2023,219.0,870.0,1017.0,1604.0,777.0,1015.0
Vimioso,2019,107.0,350.0,436.0,821.0,716.0,1797.0
Vimioso,2020,99.0,342.0,443.0,794.0,694.0,1794.0
Vimioso,2021,94.0,340.0,442.0,793.0,663.0,1808.0
Vimioso,2022,96.0,335.0,470.0,805.0,629.0,1812.0
Vimioso,2023,101.0,333.0,494.0,833.0,603.0,1812.0
Vinhais,2019,142.0,589.0,706.0,1666.0,1328.0,3442.0
Vinhais,2020,149.0,576.0,689.0,1612.0,1325.0,3405.0
Vinhais,2021,161.0,545.0,694.0,1559.0,1254.0,3411.0
Vinhais,2022,164.0,543.0,682.0,1499.0,1235.0,3390.0
Vinhais,2023,148.0,544.0,697.0,1488.0,1165.0,3408.0
Viseu,2019,4213.0,14754.0,15219.0,29283.0,13463.0,22718.0
Viseu,2020,4229.0,14491.0,15365.0,29152.0,13429.0,23332.0
Viseu,2021,4092.0,14322.0,15439.0,28996.0,13507.0,23881.0
Viseu,2022,3981.0,14210.0,15521.0,28834.0,13484.0,24336.0
Viseu,2023,3926.0,14283.0,16136.0,29067.0,13590.0,24975.0
Vizela,2019,1064.0,3452.0,4440.0,7468.0,3452.0,3859.0
Vizela,2020,1104.0,3333.0,4555.0,7378.0,3515.0,4098.0
Vizela,2021,1089.0,3284.0,4528.0,7291.0,3607.0,4287.0
Vizela,2022,1074.0,3300.0,4522.0,7235.0,3687.0,4479.0
Vizela,2023,1056.0,3327.0,4500.0,7213.0,3741.0,4692.0
Vouzela,2019,302.0,1137.0,1281.0,2484.0,1343.0,2965.0
Vouzela,2020,310.0,1123.0,1357.0,2456.0,1371.0,3021.0
Vouzela,2021,315.0,1114.0,1397.0,2443.0,1402.0,3038.0
Vouzela,2022,318.0,1080.0,1410.0,2393.0,1413.0,3038.0
Vouzela,2023,320.0,1073.0,1476.0,2415.0,1386.0,3095.0
Águeda,2019,1809.0,6245.0,6887.0,13088.0,6708.0,11456.0
Águeda,2020,1831.0,6112.0,6979.0,12883.0,6769.0,11767.0
Águeda,2021,1777.0,6049.0,7019.0,12749.0,6858.0,12042.0
Águeda,2022,1752.0,6059.0,7037.0,12655.0,6871.0,12289.0
Águeda,2023,1760.0,6024.0,7264.0,12719.0,6933.0,12520.0
Évora,2019,2333.0,7928.0,8462.0,15574.0,7472.0,12451.0
Évora,2020,2366.0,7746.0,8299.0,15395.0,7498.0,12581.0
Évora,2021,2289.0,7717.0,8278.0,15331.0,7524.0,12742.0
Évora,2022,2249.0,7691.0,8250.0,15196.0,7547.0,12854.0
Évora,2023,2237.0,7637.0,8282.0,15081.0,7651.0,13049.0
Ílhavo,2019,1728.0,5686.0,6038.0,11734.0,5556.0,8103.0
Ílhavo,2020,1755.0,5657.0,6231.0,11738.0,5654.0,8384.0
Ílhavo,2021,1766.0,5737.0,6407.0,11857.0,5768.0,8698.0
Ílhavo,2022,1777.0,5784.0,6586.0,11921.0,5889.0,8981.0
Ílhavo,2023,1769.0,5909.0,6969.0,12139.0,6041.0,9302.0
Óbidos,2019,449.0,1601.0,1568.0,3206.0,1792.0,3096.0
Óbidos,2020,447.0,1628.0,1642.0,3336.0,1768.0,3216.0
Óbidos,2021,474.0,1635.0,1789.0,3397.0,1824.0,3291.0
Óbidos,2022,522.0,1667.0,1937.0,3478.0,1848.0,3375.0
Óbidos,2023,510.0,1733.0,2095.0,3580.0,1896.0,3480.0
